istaiga,sum,count
VĮ Ignalinos atominė elektrinė,532435476.38,90
INPP,188330906.09,5
,117123652.24,11
Visagino savivaldybė,15832931.55,4
VšĮ Būsto ir urbanistinės plėtros agentūra,10756435.47,1
Visagino savivaldybės administracija,8250156.4,8
Ignalinos rajono savivaldybė,7992747.449999999,11
Zarasų rajono savivaldybė,6301851.78,14
Valstybinė atominė energetikos saugos inspekcija,4435162.3,3
VšĮ Centrinė projektų valdymo agentūra,2915018.04,6
Ūkio ministerija,2000000.0,4
Visagino energija,2000000.0,1
Aplinkos apsaugos agentūra,1306448.3199999998,4
Radiacinės saugos centras,1000000.0,2
Energetikos ministerija,250969.41999999998,3
VĮ Radioaktyviųjų atliekų tvarkymo agentūra,142614.56,3
