_type,_id,_revision,_page.next,id,istaiga,projekto_pav_en,statusas,tikslas_en,sutarciu_kiekis,finasavimo_pasirasymo_data,finansavimas,ek_pateikimo_data,ek_patvirtinimo_data,finansavimo_mechanizmas,projekto_biudzetas,valiuta
datasets/gov/cpva/ignalinos_programos/projektai/Projektas,28d0a523-e172-4f03-a594-bfdf86b4036f,d5414210-f659-48b4-bd66-d03e7aae4a9a,,045914182e7db92,VĮ Ignalinos atominė elektrinė,Modification of Unit 1 power supply circuits,Closed,,1,,False,,,,0.0,
datasets/gov/cpva/ignalinos_programos/projektai/Projektas,d0b98d93-7e60-4576-b6e4-6744f7252f90,5bc0303b-90ca-4aba-9a32-81d7471979b4,,058dde088afe063,Ūkio ministerija,Public communication,Closed,To facilitate the efficient implementation of the Ignalina Programme under Protocol 4 of the Accession Treaty of Lithuania to the EU.,1,,True,,,PI,113000.0,Eur
datasets/gov/cpva/ignalinos_programos/projektai/Projektas,b408cf71-7f23-471e-acc9-f5f047d20f6b,464c527a-a54f-4e56-ba74-50c675d7fd88,,05a7594478b70c2,VĮ Ignalinos atominė elektrinė,External Works & Services in Support of Activities of the INPP Workforce Related to Plant Decommissioning in 2010,Closed,"Within Objective 1A.09/01 above, this project covers the justified use of external contractors and consultants to perform limited-scale decommissioning-related works and services for which INPP staff do not have the relevant competences, qualifications or experience. This project covers eligible procurements of the above in the period 1 January 2010 to 31 December 2010; however, recognising that INPP activities are continuous, the external works and services may continue to be provided and invoices paid after this period.",1,2010-01-22,True,2009-12-28,2010-01-22,NA,0.0,Eur
datasets/gov/cpva/ignalinos_programos/projektai/Projektas,78963b96-120b-4faf-8a21-598551aa65f9,1d07be83-e109-4fed-b8bc-7642f20b69a1,,0710be6dd71498a,VšĮ Centrinė projektų valdymo agentūra,Operation & Support of the Ignalina Programme National Agency  (CPMA) in 2013,Closed,,1,2012-12-31,True,2012-11-16,2012-12-07,NA,519827.05,Eur
datasets/gov/cpva/ignalinos_programos/projektai/Projektas,5bf540fc-6bdd-4b6b-8abb-8184b61e65f8,7d67d1f5-e906-41e2-82bf-a7e9f14560c4,,07a85f10f91eb76,VĮ Ignalinos atominė elektrinė,Safe Maintenance & Decommissioning-related Activities,Closed,"Project Objective According to the 2008 Combined Programming Document, the objective of this project relates to the continuing safe maintenance of Unit 1 in the shut-down condition while fuel assemblies remain in the reactor core performed by the staff of the Ignalina NPP Technical Directorate and Safety & Quality Assurance Service. The presence of fuel necessitates the continued functionality of core cooling, monitoring and safety related equipment in addition to technical maintenance of buildings and essential systems.  This objective will also include all activities related to the removal of nuclear fuel from Unit 1 and, where applicable, its transfer to Unit 2. Assistance provided on technical matters to the Decommissioning Service, including the taking of inventories, radiological characterisation, etc., will be eligible for funding under Objective 1A.07/01. In the event that decontamination or dismantling activities, or any temporary/permanent changes to systems or facilities due to the decommissioning of the unit are undertaken within the period they will also be included under this objective. In 2009 the Objective is added by activity on operation of new installations commissioned in accordance with the Decommissioning Project. In particular operation of Free Release Measurement Facility (B10 Project) will start.Eligibility for funding under this objective shall be: salaries of staff (and essential supplies and services that are verifiable and uniquely identifiable with the safe maintenance of Unit 1[1]).Project PurposeWithin Objective 1A.07/01 above, this project relates only to the direct costs of the personnel participating in the activities described. The associated procurement of essential supplies and external services that are verifiable and uniquely identifiable with the safe maintenance of Unit 1 is covered by a separate project (OP1.02).The overall objective can be refined into the following specific project purposes:-     Safe maintenance of Unit 1: To continue the essential care and maintenance which represents the first phase of the overall decommissioning process of Unit 1, in compliance with the regulatory documents in force and ensuring a high level of safety at the unit. Isolating systems, which are justified as no longer required for assurance of the unit safety. The project will support the Ignalina NPP personnel engaged in maintenance of running systems related to safety of Unit 1 during 2009; -     Radiological characterization: To continue the radiological characterization activities of Unit 1 premises and equipment;-     Inter-unit fuel transfer: To continue unloading and transferring partially burnt reactor fuel assemblies from Unit 1 for further use in the Unit 2 reactor, thereby reducing the required procurement of fresh fuel for Unit 2 and hence decreasing the overall amount of spent nuclear fuel to be stored and consequent storage costs; -     Dismantling of equipment: To arrange and perform works on dismantling of equipment and pipelines of the Turbine Shop.  -     Dismantling of Building 117/1: Assure arrangement and control of safe execution of preparatory works, by own forces and external contractors’ agencies, according to Preliminary Works Project for dismantling of equipment at Building 117/1 (planned under IIDSF project B9/0). To commence dismantling of equipment and systems of Building 117/1 provided that the detailed working project on dismantling is made available by the Decommissioning Service within the timescale of the present project.-     Commissioning of FRMF: Specifically the commissioning of the newly-constructed Free Release Measurement Facility (FRMF)[1] To be financed under a separate project (ОР1.02).",1,2009-03-25,True,2008-12-04,2008-12-12,NA,5876521.11,Eur
datasets/gov/cpva/ignalinos_programos/projektai/Projektas,9b2e8a7d-3bd3-41ce-a545-a26e282604fd,a93ba075-be2a-4b59-807e-e5d286d16225,,07f001b69d1fc5e,Visagino savivaldybės administracija,Energy Efficiency Upgrading of Public ZBUildings in Visaginas Municipality (Stage 2),Closed,,3,2010-11-18,True,2010-09-03,2010-09-17,NA,911095.01,Eur
datasets/gov/cpva/ignalinos_programos/projektai/Projektas,3c59db5e-95b8-4eb6-bff5-9fe92de56a86,3765f6ca-d966-4090-8d30-a94689b0680e,,082c69732d2557b,VĮ Ignalinos atominė elektrinė,Design and construction of permanent heat supply line,Closed,,1,,True,,,NA,32694.6,Eur
datasets/gov/cpva/ignalinos_programos/projektai/Projektas,591c5453-1432-4845-a5cd-1e78bb6342b6,05394781-8c62-47e6-9cd6-3074eaa203dd,,0b113bbf1267e8d,VĮ Ignalinos atominė elektrinė,External Works and Services in Support of Activities of the INPP Workforce Related to Plant Decommissioning in 2014,Closed,,1,2014-03-05,True,2013-11-06,2013-12-19,NA,367600.09,Eur
datasets/gov/cpva/ignalinos_programos/projektai/Projektas,ab547f6b-37f6-46f2-b8cb-d9a9bc1b2165,df357f98-4442-41c4-a9a1-ba462ec3f465,,0c5796dc518592c,Ignalinos rajono savivaldybė,Energy Efficiency Improvement of Street Lighting in Ignalina Municipality,Closed,,2,2014-06-06,True,2013-11-26,2013-12-19,NA,91468.85,Eur
datasets/gov/cpva/ignalinos_programos/projektai/Projektas,845c828f-a8ce-4c00-91b9-1b9305c7fed7,a7b4a83d-f977-4afc-af6f-06a06e3027a2,,0ede01958556b51,VĮ Ignalinos atominė elektrinė,"Design, supply and instalation of security equipment",Closed,,1,2007-10-12,True,,,NA,116298.67,Eur
datasets/gov/cpva/ignalinos_programos/projektai/Projektas,017444c3-b1c2-4d06-aa66-d92d7cb16222,8a24b20d-2eda-4133-8480-a696a6a64f14,,1035011ebdf1541,Visagino savivaldybės administracija,Engineering and technical supervision for each object,Closed,,1,,False,,,,13000.0,
datasets/gov/cpva/ignalinos_programos/projektai/Projektas,2ef5720f-48b1-457c-82a2-e708f8138a45,0497ff6a-acec-4ae5-a00a-f6a959422e4d,,119804828bdb7a4,VĮ Ignalinos atominė elektrinė,Training Centre Design & Build,Closed,"To reduce the social impact of INPP closure and ensure a continuing high level of safety, decommissioning is, to the largest possible extent, to be performed by existing personnel. However, at present these staff have limited or no skills in waste management or in performing D&D activities. By training INPP personnel in these areas, cost savings can be expected compared with contracting external companies.Under a nationally-managed project programmed in 2006 (PI.06.04.01 “Decommissioning Training Centre Phase 1”) preparatory activities are being carried out for the establishment of an on-site Decommissioning Training Centre. The exact training needs will be defined in the frame of ongoing project and outcomes of the D&D engineering (the B9 projects). INPP has provided an existing redundant building for this Training Centre; an assessment was conducted to find whether modernisation of the building or its replacement represents the most cost-effective way forward (see Project Purpose below). This objective therefore covers the completion of Training Centre (offices, classrooms and industrial training facilities) and its equipping (including lifting equipment, physical protection equipment, transport equipment and various and D&D mock-ups) to the stage where it can be brought in to routine service. Consultancy support may be engaged regarding training facilities and materials and equipment.",1,2009-03-23,True,,,NA,0.0,Eur
datasets/gov/cpva/ignalinos_programos/projektai/Projektas,c999883f-6504-43b5-a743-69ab74a310fa,b0c99b1e-ab25-4fc1-8ca6-afce34784045,,12717dfaca1664a,VĮ Ignalinos atominė elektrinė,Utility Services in Support of Activies of the INPP Workforce Related to Plant Decommissioning in 2014,Closed,,1,2013-12-27,True,2013-11-26,2013-12-19,NA,12898306.37,Eur
datasets/gov/cpva/ignalinos_programos/projektai/Projektas,6dc980af-725c-4655-8112-923035202e32,1aebc4b2-756c-4f8c-b60e-088a9672990e,,127df8aa94a5507,Visagino savivaldybės administracija,"Implementation of EE measure - Secondary High School ""Verdenes"" / Kindergarden ""Auksinis gaidelis"" / Visaginas Child Support Center / Visaginas House of Children`s Creativity",Closed,,1,,False,,,,853000.0,
datasets/gov/cpva/ignalinos_programos/projektai/Projektas,c1dcaee6-6158-4a1d-85d0-c9f671b4aff4,22c0d0bc-1ae4-4000-bab0-79776ee36a16,,13d34a92f9b409f,VĮ Ignalinos atominė elektrinė,Procurement of Equipment & Supplies in Support of Activities of the INPP Workforce Related to Pant Decommissioning in 2010,Closed,"Within Objective 1A.09/01, this project relates only to procurement of essential equipment and supplies that are verifiable and uniquely identifiable with the safe (post-) operation and maintenance of existing and new facilities, buildings, structures and infrastructure on the INPP site and their subsequent decommissioning. The activities of the personnel related to safe (post-) operation, maintenance and decommissioning are covered by a separate project WFA.10, external works and services by XWS.10, and utilities by UTS.10. The general categories of procurement required by INPP staff, divided according to the Work/Cost Breakdown Structure (WCBS), falling under this project are:-          Consumable materials (Generic Resource Code 5.1);-          Replacement parts (GRC 5.2);-          Overalls and protection means (GRC 5.3);-          Tools and special accessories (GRC5.4);-          Transport means, mechanisms and equipment (GRC 5.5);-          Furniture and office equipment (GRC 5.6);-          Fuel (GRC 5.7);-          Software (GRC 5.8);-          Other material and technical resources (GRC 5.9). This project covers eligible procurements of the above in the period 1 January 2010 to 31 December 2010; however, recognising that INPP activities are continuous, the supplies and equipment may continue to be provided and invoices paid after this period.",1,2010-01-22,True,2009-12-28,2010-01-22,NA,719269.05,Eur
datasets/gov/cpva/ignalinos_programos/projektai/Projektas,a59d235b-fb77-44b9-b072-703f05a7a827,a677f525-b492-47cb-a227-cb514940c819,,143d913f67cf664,VĮ Ignalinos atominė elektrinė,Radioactive Metal Waste Treatment Facility in Building 130/2 (Stage 2),Closed,,1,2016-11-10,True,2016-07-19,2016-09-15,NA,869608.09,
datasets/gov/cpva/ignalinos_programos/projektai/Projektas,73a46018-7c83-4691-ba5c-9c2e97622f26,24dc7686-bfb0-45fa-9900-1c416fd1be9a,,1f406ea2b1bf3da,Zarasų rajono savivaldybė,Engineering and technical supervision for each object,Closed,,1,,False,,,,9000.0,
datasets/gov/cpva/ignalinos_programos/projektai/Projektas,65c32e19-71b0-44bb-82b8-38ce64f80a64,19cdc328-db08-4c14-8e15-d54fba58d6f8,,1f651bebe1fa3fb,VĮ Ignalinos atominė elektrinė,Support to Decommissioning Service of Ignalina NPP,Closed,The overall object of this 7.14 MEUR project is to advance the decommissioning of INPP according to the approved planning documents.,1,,True,,,PI,8150000.0,Eur
datasets/gov/cpva/ignalinos_programos/projektai/Projektas,86e9ff44-2d3d-47c3-8d43-bd7a44c819e7,3d7c4a4c-771f-449e-a7b5-871cdb18527c,,1fffe1064660097,VĮ Ignalinos atominė elektrinė,Modification of INPP Process Systems,Closed,"In the transfer away from an operational state, a number of plant systems must be taken out of service and isolated, or modified according to revised requirements. For Unit 1, these systems are identified in the so-called Decommissioning Project for the Final Shut Down & Defuelling Phase (U1DP0) and include for Stage 1 (from reactor final shutdown to complete reactor defuelling – U1DP0 App. 3.46.01-22): Service Water Supply System (SWSS), Normal Electrical Supply (EL_NS), Reliable Electrical Supply (EL_RS inc. automatic diesel ADS-5600), &C for Safety Systems: Operation of Systems, Automatic Turbine Control System, Control of Coolant Flow Rate in Fuel Channels, Main Circulation Circuit (MCC). This objective includes all system isolation and modification activities planned or found to be required at Unit 1 during Stage 1 that must be performed by external contractors; it is therefore funded separately from the safe maintenance of Unit 1 (see objective 1A.07/01) performed by the plant staff.",4,2009-04-21,True,2009-01-27,2009-03-05,NA,172903.15,Eur
datasets/gov/cpva/ignalinos_programos/projektai/Projektas,2cae4b8e-ad00-40bd-aa3c-bac82f4f9d26,93716e88-230a-49fb-98e5-5dcdf728ce90,,213332dd1dd1312,VĮ Ignalinos atominė elektrinė,Utility Services in Support of Activies of the INPP Workforce Related to Plant Decommissioning in 2010,Closed,,1,2009-12-22,True,2009-11-20,2009-12-15,NA,18309917.16,Eur
datasets/gov/cpva/ignalinos_programos/projektai/Projektas,6f5d50cf-1ae4-441e-b6c0-96f36bb98e23,49a1a08d-57b9-4a38-9547-0b7e38953b39,,21931bb126a5844,Zarasų rajono savivaldybė,Energy Efficiency Upgrading of Antazaves J. Gruodis Secondary and Zarasu Santarves Primary Schools,Closed,,1,2009-04-09,True,2009-01-27,2009-03-05,NA,361891.32,Eur
datasets/gov/cpva/ignalinos_programos/projektai/Projektas,7aaa544c-f6a2-4b27-ac01-0809c1c6c79b,fc27a9c7-6424-4a53-9208-71fa26fd894a,,226a0ccd47ba879,VĮ Ignalinos atominė elektrinė,Direct support for Decommissioning Service personnel (during 2006),Closed,(as in project).,1,,True,,,PI,1060000.0,Eur
datasets/gov/cpva/ignalinos_programos/projektai/Projektas,ad336e52-8128-4584-96d9-30fbb179810d,e1d6ab52-b5a5-494f-a29e-ea76ddf4ec91,,23fd25ab7ff5c26,Zarasų rajono savivaldybė,Energy Efficiency Upgrading of Public Buildings in Zarasai District (Stage 4),Closed,,14,2014-02-14,True,2013-11-06,2013-12-19,NA,1062915.8,Eur
datasets/gov/cpva/ignalinos_programos/projektai/Projektas,a4514458-d88e-436c-a45b-87d97df27273,2f3c3df8-8cf5-45c2-aa87-1980d7dca681,,2584d15764aafa5,VĮ Ignalinos atominė elektrinė,Utility Services in Support of Activies of the INPP Workforce Related to Plant Decommissioning in 2012,Closed,,1,2012-03-26,True,2011-11-30,2011-12-16,NA,17536731.21,Eur
datasets/gov/cpva/ignalinos_programos/projektai/Projektas,2c403696-c502-4bdf-b8b7-b84f8af9f490,9ad84e8c-38bf-4886-9819-35cc6573adc5,,278d6c2b8ff0c3c,VĮ Ignalinos atominė elektrinė,Design & construction of technological road,Closed,"Site preparation for the major pre-dismantling facilities, the Interim Spent Fuel Store, Solid Waste Management and Storage Facility, etc., is the responsibility of INPP under the relevant contracts between INPP and the contractors. These activities include site surveying, clearance, levelling, the temporary and/or permanent supply of water, heating and electricity, drains and sewerage, telecommunications, construction of access roads and railways, movement of existing services causing an obstruction, construction of security fences and installation of security equipment. These contracts, which are mainly of small scale and performed by local contractors, are prepared and managed by the INPP Decommissioning Service and have been funded under the nationally-managed channel of the Ignalina Programme since 2004.",1,2008-02-28,True,,,NA,59299.7,Eur
datasets/gov/cpva/ignalinos_programos/projektai/Projektas,6c601dd3-e17c-436c-a6bc-eaccbf3227fe,df2d68fb-0cc3-467c-a2c3-a560af9fab65,,2910d1ca09a7afb,,Instalation of a reactive power compensation at the 330 kV switchyard,Closed,"The pinciple objective is to provide a facility for reactive power compensation, connected at the INPP power junction, which will maintain acceptable grid voltage levels during periods of low grid load.",1,,True,,,II,10234149.0,Eur
datasets/gov/cpva/ignalinos_programos/projektai/Projektas,8969ef31-1cd7-4944-a230-d7afa57ec996,a77eeacb-7897-4e9f-9315-0b4b50388798,,2a542c6142dafce,VĮ Ignalinos atominė elektrinė,Assistance to INPP by Technical Support Organisations in the Field of Radiological Characterisation for Block A1 (Reactor and auxiliary systems),Closed,,1,2016-03-22,True,2015-09-03,2015-10-14,NA,227229.4,Eur
datasets/gov/cpva/ignalinos_programos/projektai/Projektas,5e966455-02d7-4039-aed1-373d66ee57a3,e5c7e9f4-bad9-4e5a-b4b7-803851338f66,,2b80d45ec63e84e,VĮ Ignalinos atominė elektrinė,Specialised Technical Assistance for the Preparation of Documentation for INPP Unit 2 Final Shutdown,Closed,"For Unit 2, regulatory approval of “reactor final shutdown” (RFS), is issued on the basis of the following documents:-         the Decommissioning project (U2DP0) for the defuelling phase; -         the Decommissioning Safety Analysis Report (DSAR); and -         the Environmental Impact Assessment (EIA) of the planned activities. These documents will be prepared during 2008~2009 by INPP Decommissioning Service (INPP-DS) engineers using Unit 1 DP/DSAR/EIAR as a basis; however specialised support on some tasks will be necessary. Certain inputs to EIA-related documents require skills which are not available within the Decommissioning Service and must be performed by external contractors.This objective covers all externally contracted services related to the production of the Decommissioning Project for the Defuelling Phase, the DSAR, and EIA for Unit 2 reactor final shutdown.",2,2008-07-15,True,2008-03-31,2008-06-11,NA,1059666.6,Eur
datasets/gov/cpva/ignalinos_programos/projektai/Projektas,c2d372ae-f4a5-4912-8528-1f5a34536e77,f7512674-4762-4ee6-a44f-d50df27f8244,,2d3a4f1bb39ff48,VĮ Ignalinos atominė elektrinė,Preparatory and auxiliary works in Bldg.130/2,Closed,,1,,False,,,,366000.0,
datasets/gov/cpva/ignalinos_programos/projektai/Projektas,19172bee-db9e-4b2e-bd77-d28c5faf2a81,65105c9e-b0d0-46c8-8ba7-c10f4b0d862a,,2d562afd8f460e6,VĮ Ignalinos atominė elektrinė,Railway and technological road construction,Closed,"Site preparation for the major pre-dismantling facilities, the Interim Spent Fuel Store, Solid Waste Management and Storage Facility, etc., is the responsibility of INPP under the relevant contracts between INPP and the contractors. These activities include site surveying, clearance, levelling, the temporary and/or permanent supply of water, heating and electricity, drains and sewerage, telecommunications, construction of access roads and railways, movement of existing services causing an obstruction, construction of security fences and installation of security equipment. These contracts, which are mainly of small scale and performed by local contractors, are prepared and managed by the INPP Decommissioning Service and have been funded under the nationally-managed channel of the Ignalina Programme since 2004.",1,2008-02-28,True,,,NA,1546370.78,Eur
datasets/gov/cpva/ignalinos_programos/projektai/Projektas,9993da18-d23e-450b-aa71-a51fe92e4c80,dce3c28e-20e9-44a2-9fed-865fe594fd65,,2eb4f0ba2fb61a0,,Tools and Equipment for radiological characterisation,Closed,"The principal project objective is to provide the tools and equipment which, when used to a defined technique and Measurement Programme (currently being determined), will enable the radiological characterization of INPP equipment and of material to be decommissioned as Radioactive Waste (RAW).",1,,True,,,II,829010.0,Eur
datasets/gov/cpva/ignalinos_programos/projektai/Projektas,ce0407f7-8322-4bd5-9245-6c2fa6420fd7,bdb024af-0360-4fa1-8738-bc33bc859675,,2f2ad69ee123fee,,Modernisation of the Technical Documentation Archieve,Closed,"The modernisation of the existing technical documentation archive in order to provide all the organisations and enterprises involved with the decommissioning of INPP with properly registered, stored and controlled documentation and to retain a document archive for a least 100 years.",1,,True,,,II,1904728.0,Eur
datasets/gov/cpva/ignalinos_programos/projektai/Projektas,06f4e849-660d-4138-bea4-4f09e2b6a7c2,fa27aa60-923c-4f6b-bd44-18d84bbec2da,,2f41be8afdbe595,Ignalinos rajono savivaldybė,Energy efficency upgrading of public buildings in Ignalina municipality (Styage 2),Closed,,2,2010-12-21,True,2010-09-03,2010-10-07,NA,680192.85,Eur
datasets/gov/cpva/ignalinos_programos/projektai/Projektas,d4e21a26-175c-4ba4-922b-c8ac992f1e03,3014b1a4-c576-4b20-a6f5-5237f94b5e45,,31f0798e8fd7c5a,,Flue gas desulphurisation and dust collection plants(covering boilers),Closed,"The main aim of this project is to implement environmental and related technical upgrading systems into the Lithuanian Power Plant meeting the national and EU en-vironmental requirements for directive on large combustion plants valid from 1 Janu-ary 2008, using the three types of fuel, heavy fuel oil, orimulsion and natural gas.The upgrading of Lithuanian Power Plant consist of four sub-projects:1. Flue gas desulphurisation plants with common facilities for reagent, endproduct and waste handling.Electrostatic precipitators with orimulsion and heavy fuel oil ash handling plant(s) and orimulsion ash densification system2. Low NOx burners and Burner management systems with ignition controland anti-explosive safety devices and blockings.Soot blower systems3. Units control systems4. Rehabilitation of the regenerative air preheaters",1,,True,,,II,87500000.0,Eur
datasets/gov/cpva/ignalinos_programos/projektai/Projektas,b6145e50-f49f-4020-b887-af68e73432d6,a08af992-6c1f-4221-b33b-c617f67decaf,,3220eda2a52c3fb,VšĮ Centrinė projektų valdymo agentūra,Operation & Support of the Ignalina Programme National Agency (CPMA) in 2009,Closed,"Project objectiveAccording to the Combined Programming Document of the Ignalina Programme, “the funding of the National Agency will be in accordance with the Operating Agreement established between the National Agency and the European Commission”.The said Operating Agreement specifies that the operational costs of the National Agency must be described in the form of a Project Identification Fiche (PIF) for the approval of the Commission by the standard procedures. Such PIFs will be submitted annually.This project identification fiche therefore sets out the forecast costs of operating the National Agency of the Ignalina Programme during 2009.Project PurposeThe purpose of this project is to fund the operating costs in 2009 of Lithuania’s established implementing body, the Central Project Management Agency (CPMA), in its role as the National Agency of the 2007-2013 Ignalina Programme.The project will meet the costs of the staff involved in management of the Programme, their justified overheads, and the costs of external services provided to the National Agency to assist implementation.",1,2008-12-05,True,2008-12-05,2008-11-28,NA,466173.79,Eur
datasets/gov/cpva/ignalinos_programos/projektai/Projektas,977a7447-1951-4d06-9c26-29ed61356b39,cb354d1b-de8f-4ffe-846f-cbac88d42d30,,3282ebe1680674a,VĮ Ignalinos atominė elektrinė,Salaries for Ignalina NPP personnel involved in the safe maintenance of Unit 1 in the 1st phase of p,Closed,(as in project).,1,,True,,,PI,5070000.0,Eur
datasets/gov/cpva/ignalinos_programos/projektai/Projektas,b983a008-4701-4fa2-a06c-55d45da810b4,880631c1-f5a6-4ac8-a346-b46cf587a70d,,3315c311110fc18,Ignalinos rajono savivaldybė,Implementation of EE measure,Closed,,1,,False,,,,648000.0,
datasets/gov/cpva/ignalinos_programos/projektai/Projektas,58067e52-896a-4ca1-8ebf-82f788f8d89e,81c1e6f9-2f3b-446b-91b8-1af7b57304c6,,340ceaec729d488,VšĮ Centrinė projektų valdymo agentūra,Operation & Support of the Ignalina Programme National Agency (CPMA) in 2012,Closed,,1,2012-01-18,True,2011-11-30,2011-12-16,NA,544428.76,Eur
datasets/gov/cpva/ignalinos_programos/projektai/Projektas,2728e59e-44c2-460c-bfe8-9e991bfe9336,bd80b6d5-1ca1-4127-8699-8f540af60a2b,,35ad983f503e735,Ūkio ministerija,Decommissioning Management Support,Closed,To facilitate the efficient implementation of the Ignalina Programme under Protocol 4 of the Accession Treaty of Lithuania to the EU. .,2,,True,,,PI,627000.0,Eur
datasets/gov/cpva/ignalinos_programos/projektai/Projektas,e97abce2-0b6d-4169-944d-e2d35d5e67b9,0f05c119-2d38-41c2-b2b8-93b034b1b4c1,,360dec6152d5d58,VĮ Ignalinos atominė elektrinė,Utility Services in Support of Activies of the INPP Workforce Related to Plant Decommissioning in 2011,Closed,,1,2011-01-03,True,2010-11-29,2010-12-15,NA,17701632.17,Eur
datasets/gov/cpva/ignalinos_programos/projektai/Projektas,570c1773-e841-4b97-a3df-2c13473fe7e6,8a866d01-fbc9-480e-94b5-e400e041c330,,364fe98f88f1a6f,Zarasų rajono savivaldybė,Implementation of EE measure,Closed,,1,,False,,,,0.0,
datasets/gov/cpva/ignalinos_programos/projektai/Projektas,0a1616a3-c893-4a6b-bc2a-2d8f14038c92,53790462-ca31-40ec-8d0a-ab78f8d412eb,,37df6520c592904,,Energy Efficiency Improvement of Street Lighting in Zarasai Municipality,Closed,,3,2014-06-02,True,2013-11-26,2013-12-19,NA,139129.95,Eur
datasets/gov/cpva/ignalinos_programos/projektai/Projektas,a1c811d0-bd96-496b-9be6-3a70315fe840,3d4cbd59-81ae-4fb7-baf4-3ba13f8bec63,,39a02f1e0940d55,VĮ Ignalinos atominė elektrinė,External Works & Services in Support of Activities of the INPP Workforce Related to Plant Decommissioning in 2011,Closed,,1,2011-03-07,True,2010-11-29,2010-12-15,NA,49343.24,Eur
datasets/gov/cpva/ignalinos_programos/projektai/Projektas,82ac53b9-2ed0-42b3-960b-660d572e8096,7fd589ed-7c61-4ad0-9145-fbd69b5f3fda,,3a1e8920e5fa9ff,VĮ Ignalinos atominė elektrinė,Activities of the INPP Workforce Related to Plant Decommissioning in 2013,Closed,,1,2013-02-27,True,2012-11-16,2012-12-07,NA,29282830.94,Eur
datasets/gov/cpva/ignalinos_programos/projektai/Projektas,f12e1e0a-d518-4fec-afac-c63605afdc0d,b1399947-5716-4475-86d7-a56943804c45,,3e031e732d31909,Aplinkos apsaugos agentūra,Clearance levels calculations,Closed,,1,,False,,,,0.0,
datasets/gov/cpva/ignalinos_programos/projektai/Projektas,97f0cb16-d650-4aa8-8778-5d77fe91574e,8719aa60-0d30-43ef-890d-93fb732a3ac4,,3e3627134d1ea10,Zarasų rajono savivaldybė,Implementation of EE measure,Closed,,1,,False,,,,1088000.0,
datasets/gov/cpva/ignalinos_programos/projektai/Projektas,fbbdbf71-e41c-4cf7-ad8e-8655193ec5c9,5ec8f4b3-f0fa-4665-81e1-fd37ddce542f,,3f1c4b87b0989cc,Aplinkos apsaugos agentūra,Upgrading of Enviroment Monitor Related to the Decommissioning of INPP,Closed,"Under national legislation, in the Euratom Treaty Articles 35-37, and to provide assurance to neighboring countries, the Environmental Protection Agency (EPA) conducts monitoring of radioactivity levels in the air, water and soil particularly around INPP. The EPA equipment includes a network of automatic gamma dose rate measurement stations (RADIS) providing on-line data to national institutions, the EC databases (EURDEP, AIRDOS) and the general public, and an off-line type aerosol sampling station 60 km from INPP.The implementation of INPP decommissioning will result in quantitative and qualitative composition changes of discharges: new facilities with a potential radiological impact on the environment (spent fuel storage, radioactive waste treatment/storage, landfill, near surface disposal facilities and free-release facility) will be constructed.Renovation is therefore required of the automatic network, and to enhance efficiency and safety by the timely communication of data, the off-line aerosol sampling station should be complemented by an on-line automatic spectrometric aerosol monitor with gamma and alpha/bet channel. The EPA further requires equipment for control of INPP free-release, and laboratory improvements in respect of sample preparation equipment and the gamma counting system.Under this objective the procurement of equipment required for renovation of the automatic network, automation of aerosol sampling, free-release control and relevant above-mentioned upgrading of the EPA laboratory will be funded. Technical assistance may also be provided associated with the calculation of clearance levels of free-release wastes.",3,2009-07-09,True,2008-11-05,2008-11-28,NA,652879.33,Eur
datasets/gov/cpva/ignalinos_programos/projektai/Projektas,fbec16a1-3a95-49bf-b2ab-2b6c9b38424c,049bb517-ae15-4ed1-935e-9941faa22ae4,,419538a2f284556,Ignalinos rajono savivaldybė,Energy efficiency upgrading of Ignalina regional hospital,Closed,,1,2009-03-18,True,2008-12-04,2008-12-19,NA,359999.78,Eur
datasets/gov/cpva/ignalinos_programos/projektai/Projektas,91ed5e10-7fbd-46b9-b729-1579ac7a6c4d,b2a07b7c-015f-4ac5-99db-d6a65e6b292c,,42ff3f99e227e50,VĮ Ignalinos atominė elektrinė,Support to Decommissioning Service of Ignalina NPP,Closed,The overall object of this 1.76 MEUR project is to advance the decommissioning ofINPP according to the approved planning documents.,1,,True,,,PI,1415000.0,Eur
datasets/gov/cpva/ignalinos_programos/projektai/Projektas,b1d41895-1e6a-46e1-8841-377a05ba6ea3,f19133f5-b787-4dc4-a4cd-e858b88ddb5a,,443ac3f1f3e4a8e,VĮ Ignalinos atominė elektrinė,Annual Decommissioning Activities,Closed,,1,2017-12-22,True,2017-11-24,2017-12-14,NA,33232147.31,
datasets/gov/cpva/ignalinos_programos/projektai/Projektas,bc81a474-b1ca-4ae1-9c32-08e1d28a5a3a,fac436af-a7a4-42ed-b234-cd1078456b3c,,44713f0c4005136,,Support to licencing activities related to decommissioning of INPP,Closed,,1,,True,,,PN,1000000.0,Eur
datasets/gov/cpva/ignalinos_programos/projektai/Projektas,79659822-ea92-407d-a2ab-ce6add45e989,ffddddf5-72d4-4ae8-9abd-aba5ab98b07c,,46ba1459eb2d9f5,VĮ Radioaktyviųjų atliekų tvarkymo agentūra,Services,Closed,The objective of this subproject is to meet the costs of external services in the period from project approval until the end of 2010.,1,,True,2009-09-15,2009-10-12,NA,26210.61,Eur
datasets/gov/cpva/ignalinos_programos/projektai/Projektas,54ea7359-7e32-4f91-880d-a2da338ec387,24a8b66a-b5bb-4738-945e-20a2765c73f8,,4a70d0d0c3887ce,VĮ Ignalinos atominė elektrinė,"Infastructure: Railway and road for B1, B2/3/4 Lot-2",Closed,,1,,True,,,PI,800000.0,Eur
datasets/gov/cpva/ignalinos_programos/projektai/Projektas,5ce1f2b1-4626-47f4-b636-9547ab745e09,0e6389b2-6725-4fcf-815c-1d83e9042b6b,,4d4c0ee0952e76b,VĮ Ignalinos atominė elektrinė,Activities of the INPP Workforce Related to Plant Decommissioning in 2011,Closed,,1,2011-01-03,True,2010-11-29,2010-12-15,NA,26685383.11,Eur
datasets/gov/cpva/ignalinos_programos/projektai/Projektas,cd52b68b-4fcb-4995-b5d7-cea03b8c3918,6fd49feb-019b-42fc-92af-0101d21e49e6,,4e19fdc4168853b,Aplinkos apsaugos agentūra,Modernisation of RADIS network,Closed,"Under national legislation, in the Euratom Treaty Articles 35-37, and to provide assurance to neighboring countries, the Environmental Protection Agency (EPA) conducts monitoring of radioactivity levels in the air, water and soil particularly around INPP. The EPA equipment includes a network of automatic gamma dose rate measurement stations (RADIS) providing on-line data to national institutions, the EC databases (EURDEP, AIRDOS) and the general public, and an off-line type aerosol sampling station 60 km from INPP.The implementation of INPP decommissioning will result in quantitative and qualitative composition changes of discharges: new facilities with a potential radiological impact on the environment (spent fuel storage, radioactive waste treatment/storage, landfill, near surface disposal facilities and free-release facility) will be constructed.Renovation is therefore required of the automatic network, and to enhance efficiency and safety by the timely communication of data, the off-line aerosol sampling station should be complemented by an on-line automatic spectrometric aerosol monitor with gamma and alpha/bet channel. The EPA further requires equipment for control of INPP free-release, and laboratory improvements in respect of sample preparation equipment and the gamma counting system.Under this objective the procurement of equipment required for renovation of the automatic network, automation of aerosol sampling, free-release control and relevant above-mentioned upgrading of the EPA laboratory will be funded. Technical assistance may also be provided associated with the calculation of clearance levels of free-release wastes.",1,,True,,,NA,318568.99,Eur
datasets/gov/cpva/ignalinos_programos/projektai/Projektas,c700c7ac-dcb0-4095-a263-9960d27f796f,61d289f7-8536-4332-94d8-c149a47cba80,,4f5c5760ae710a4,Valstybinė atominė energetikos saugos inspekcija,Support to Licensing Activities Related to the Decommissioning of the Ignalina Nuclear Power Plant t,Closed,The overall objective of this 1.00 M € project is to strengthen State Nuclear Power Safety Inspectorate (VATESI) in licensing of Ignalina nuclear power plant (NPP) decommissioning activities.,1,,True,,,PI,1000000.0,Eur
datasets/gov/cpva/ignalinos_programos/projektai/Projektas,b5a2fc77-68dc-4c9c-8044-e386abda2e8a,cfa27a11-ae71-4c85-834d-cb74dba2efc8,,50a1693e1a031f6,VĮ Ignalinos atominė elektrinė,Safe Maintenance & Decommissioning-related Activities,Closed,"According to the 2007 Combined Programming Document, the objective of this project relates to the continuing safe maintenance of Unit 1 in the shut-down condition while fuel assemblies remain in the reactor core performed by the staff of the Ignalina NPP Technical Directorate. The presence of fuel necessitates the continued functionality of core cooling, monitoring and safety related equipment in addition to the more generalised upkeep of buildings and essential systems.  This objective will also include all activities related to the removal of nuclear fuel from Unit 1 and, where applicable, its transfer to Unit 2. Assistance provided on technical matters to the Decommissioning Service, including the taking of inventories, radiological characterisation, etc., will be eligible for funding under Objective 1A.07/01. In the event that decontamination or dismantling activities, or any temporary/permanent changes to systems or facilities due to the decommissioning of the unit are undertaken within the period they will also be included under this objective; however, such activities are not currently foreseen. Eligibility for funding under this objective shall be: salaries of staff (and essential supplies and services that are verifiable and uniquely identifiable with the safe maintenance of Unit 1)†.† To be financed under a separate project.",1,2008-06-26,True,2008-01-14,2008-01-21,NA,5533905.8,Eur
datasets/gov/cpva/ignalinos_programos/projektai/Projektas,3316b030-5575-42c3-87fb-aba2eae28c1a,ba5bda67-9c46-44d9-9a71-6ff2c5d3ee23,,511466002c1fad5,Ūkio ministerija,Training and Assistance on Decommissioning Management,Closed,To facilitate the efficient implementation of the Ignalina Programme under Protocol 4 of the Accession Treaty of Lithuania to the EU.,1,,True,,,PI,260000.0,Eur
datasets/gov/cpva/ignalinos_programos/projektai/Projektas,7add7aca-764a-4aef-8a05-a498eecc393e,b31ca185-6660-44e1-8241-e458eb67c1fe,,52ca4b8900d9813,VĮ Ignalinos atominė elektrinė,INPP Site Infrastructure for Decommissioning,Closed,"Site preparation for the major pre-dismantling facilities, the Interim Spent Fuel Store, Solid Waste Management and Storage Facility, etc., is the responsibility of INPP under the relevant contracts between INPP and the contractors. These activities include site surveying, clearance, levelling, the temporary and/or permanent supply of water, heating and electricity, drains and sewerage, telecommunications, construction of access roads and railways, movement of existing services causing an obstruction, construction of security fences and installation of security equipment. These contracts, which are mainly of small scale and performed by local contractors, are prepared and managed by the INPP Decommissioning Service and have been funded under the nationally-managed channel of the Ignalina Programme since 2004.",6,2008-02-28,True,2008-01-08,2008-01-21,NA,3524572.69,Eur
datasets/gov/cpva/ignalinos_programos/projektai/Projektas,908d1fc6-7efd-4165-a0a1-19a95a161782,9b7779bd-781e-4bf7-9156-80c85c3f20a1,,53f0930a5d9e177,INPP,Annual Decomm. Activities of INPP with Associated Costs in 2020,Closed,,1,2019-12-31,True,2019-11-28,2019-12-20,NA,34642813.8,
datasets/gov/cpva/ignalinos_programos/projektai/Projektas,581b9b0b-5c58-43ae-99d2-fc588f0ffbdf,56f44fd5-3dd8-47dd-aa23-639c49fc6535,,55495e5022898a3,VĮ Ignalinos atominė elektrinė,Construction of a Decommissioning Training Centre at INPP,Closed,"To reduce the social impact of INPP closure and ensure a continuing high level of safety, decommissioning is, to the largest possible extent, to be performed by existing personnel. However, at present these staff have limited or no skills in waste management or in performing D&D activities. By training INPP personnel in these areas, cost savings can be expected compared with contracting external companies.Under a nationally-managed project programmed in 2006 (PI.06.04.01 “Decommissioning Training Centre Phase 1”) preparatory activities are being carried out for the establishment of an on-site Decommissioning Training Centre. The exact training needs will be defined in the frame of ongoing project and outcomes of the D&D engineering (the B9 projects). INPP has provided an existing redundant building for this Training Centre; an assessment was conducted to find whether modernisation of the building or its replacement represents the most cost-effective way forward (see Project Purpose below). This objective therefore covers the completion of Training Centre (offices, classrooms and industrial training facilities) and its equipping (including lifting equipment, physical protection equipment, transport equipment and various and D&D mock-ups) to the stage where it can be brought in to routine service. Consultancy support may be engaged regarding training facilities and materials and equipment.",2,2009-03-23,True,2008-12-08,2008-12-19,NA,15259.95,Eur
datasets/gov/cpva/ignalinos_programos/projektai/Projektas,ebe0ef60-f2f1-42c9-9e85-e278a0ccd96b,258cae29-697d-4b17-93c1-59f81f40d0c4,,5699fc0a39001ca,Zarasų rajono savivaldybė,Energy Efficiency Upgrading of Public Buildings in Zarasai Municipality (Stage 3),Closed,,1,2012-02-28,True,2011-11-30,2011-12-16,NA,684935.58,Eur
datasets/gov/cpva/ignalinos_programos/projektai/Projektas,f801262a-8bac-4774-8551-e5ed372b3633,c613de46-fa2e-439a-97aa-5ea5ba206900,,57fc64d6d6fb0f4,VĮ Ignalinos atominė elektrinė,Construction of permanent energy supply line,Closed,"Site preparation for the major pre-dismantling facilities, the Interim Spent Fuel Store, Solid Waste Management and Storage Facility, etc., is the responsibility of INPP under the relevant contracts between INPP and the contractors. These activities include site surveying, clearance, levelling, the temporary and/or permanent supply of water, heating and electricity, drains and sewerage, telecommunications, construction of access roads and railways, movement of existing services causing an obstruction, construction of security fences and installation of security equipment. These contracts, which are mainly of small scale and performed by local contractors, are prepared and managed by the INPP Decommissioning Service and have been funded under the nationally-managed channel of the Ignalina Programme since 2004.",1,2008-02-28,True,,,NA,682230.33,Eur
datasets/gov/cpva/ignalinos_programos/projektai/Projektas,e5011924-c955-4671-8aad-40b3a6f5f90f,6e5859e2-fda8-442c-b0c6-35fc9e7b472b,,596e6130a4434e0,VšĮ Centrinė projektų valdymo agentūra,Operation & Support of the Ignalina Programme National Agency (CPMA) in 2010,Closed,"The main purpose of the project is the operation in 2010 of Lithuania’s established implementing body, the Central Project Management Agency (CPMA), in its role as the National Agency of the 2007-2013 Ignalina Programme. The project will cover the staff involved in management of the Programme, justified overheads, and the costs of external services provided to the National Agency to assist implementation.",1,2009-12-22,True,2009-11-19,2009-12-15,NA,436045.04,Eur
datasets/gov/cpva/ignalinos_programos/projektai/Projektas,8b50a988-6062-4943-bd3e-6ac3a69fcd76,a4364c71-18bf-417e-a029-bb0eba973e8f,,5e7d1a3ee9337e1,Energetikos ministerija,Visaginas Special Programme for Energy Efficiency in Multi-apartment Residential Buildings – “EnerVizija” – Project Preparation Facility,Closed,,1,2011-01-14,True,2010-11-04,2010-11-11,NA,63484.71,Eur
datasets/gov/cpva/ignalinos_programos/projektai/Projektas,79eb43c0-6748-416e-b67c-15b91a5e9425,5874aa7c-1dbb-4bdc-b0f3-500a4619665b,,5f3a3bdd9fc9e63,Zarasų rajono savivaldybė,Implementation of EE measure - Ažuolas High school in Zarasai / P.Sirvys secondary school in Zarasai / Lakštingala Kindergarden in Zarasai / Sartukas kindergarden in Dusetos,Closed,,1,2012-02-28,True,,,,682000.0,
datasets/gov/cpva/ignalinos_programos/projektai/Projektas,7bef1f70-5980-4f30-b7af-9938a569569f,daddba5c-b8e3-4920-9e2d-27f9470c456c,,602fbecb771541f,Visagino savivaldybės administracija,Implementation of EE measure,Closed,,1,,False,,,,903000.0,
datasets/gov/cpva/ignalinos_programos/projektai/Projektas,f0a702fc-e770-4e6d-ab69-ea1cf023c989,1b17a092-2071-4c4c-96c0-c1e646bb0600,,60a127fbae1512d,VĮ Ignalinos atominė elektrinė,Large-scale Equipment for use in INPP Decommissioning (Decontamination and Size Reduction Facilities for use in Block G1),Closed,,1,2011-11-11,True,2011-06-15,2011-06-22,NA,3052595.0,Eur
datasets/gov/cpva/ignalinos_programos/projektai/Projektas,7e668fdd-cf44-4bf1-bc2b-86d4423a5b20,cc5c4743-89e6-4d07-8013-955f7b600c61,,60a2fac8f27e723,Visagino savivaldybės administracija,Engineering and technical supervision for all object,Closed,,1,,False,,,,8000.0,
datasets/gov/cpva/ignalinos_programos/projektai/Projektas,83801395-1e7f-44d6-a831-11fe1fbb7a6c,b460b23e-bf0d-4207-aeab-5a05a8957ab7,,60a8d87bf5f0931,Ignalinos rajono savivaldybė,Technical supervision for each object,Closed,,1,,False,,,,0.0,
datasets/gov/cpva/ignalinos_programos/projektai/Projektas,f199576f-5d12-4400-8f28-9c879ae53596,b13d7ad6-0d2b-4b22-9ac9-5afdeb21421a,,61be66ccce6102f,VĮ Ignalinos atominė elektrinė,Procurement of Equipment & Supplies in Support of Activities of the INPP Workforce Related to Pant Decommissioning in 2012,Closed,,1,2012-03-26,True,2011-11-30,2011-12-16,NA,1608457.02,Eur
datasets/gov/cpva/ignalinos_programos/projektai/Projektas,ed28cf0d-b306-4577-bba3-1348cf02eacb,81da70d2-5461-455b-aeeb-df67285d4909,,63867e1dd5338c6,VĮ Ignalinos atominė elektrinė,Preparatory Activities for the Creation of a Decommissioning Training Centre at INPP,Closed,"The overall objective, of which this project is the first stage, is the creation of a specialised training centre for decommissioning at the INPP site. This project will focus on preparatory activities for the purpose of institution building and serving to define subsequent project stages.",3,2007-08-24,True,,,PI,300000.0,Eur
datasets/gov/cpva/ignalinos_programos/projektai/Projektas,1a4577ac-8ca9-4eea-a12b-97d88a77149b,249f856c-2bb9-4b03-9c33-a2d9c2b519f0,,64404c3f55bf4c5,VšĮ Centrinė projektų valdymo agentūra,Operation & Support of the Ignalina Programme National Agency (CPMA) in 2011,Closed,,1,2010-12-31,True,2010-11-09,2010-11-11,NA,524734.9,Eur
datasets/gov/cpva/ignalinos_programos/projektai/Projektas,082b7750-cfd4-4658-8299-a7f23c8c116f,1437cfdc-7e2d-4786-837b-2a0476bf05f6,,651634af177775d,VĮ Radioaktyviųjų atliekų tvarkymo agentūra,Staffing costs,Closed,The overall objective of this subproject is to meet the costs of staff involved in management of INPP decommissionig.,1,,True,2009-09-15,2009-10-12,NA,45096.67,Eur
datasets/gov/cpva/ignalinos_programos/projektai/Projektas,8db7ca39-4de1-4db1-9140-f28b39663aeb,2114b02e-0c12-47ca-87c4-adb2b093a485,,65faa98c59c3bdb,VĮ Ignalinos atominė elektrinė,Design & construction of rainwater drains line & faecal sewage line,Closed,"Site preparation for the major pre-dismantling facilities, the Interim Spent Fuel Store, Solid Waste Management and Storage Facility, etc., is the responsibility of INPP under the relevant contracts between INPP and the contractors. These activities include site surveying, clearance, levelling, the temporary and/or permanent supply of water, heating and electricity, drains and sewerage, telecommunications, construction of access roads and railways, movement of existing services causing an obstruction, construction of security fences and installation of security equipment. These contracts, which are mainly of small scale and performed by local contractors, are prepared and managed by the INPP Decommissioning Service and have been funded under the nationally-managed channel of the Ignalina Programme since 2004.",1,2008-02-28,True,,,NA,56574.12,Eur
datasets/gov/cpva/ignalinos_programos/projektai/Projektas,a2268b37-89bf-461b-83bd-47bc6c01af81,446cabfd-81bb-48bd-9700-783415cc738e,,669d21a4999fa1a,Zarasų rajono savivaldybė,Implementation of EE measure,Closed,,1,,False,,,,391000.0,
datasets/gov/cpva/ignalinos_programos/projektai/Projektas,756c6994-1316-4626-a4de-dfe3be00f387,7c5ccc4d-8337-481b-a89c-d67c691d0e78,,670f9313ed2fefb,Zarasų rajono savivaldybė,Energy Efficiency Upgrading of Culture Centre in Zarasai,Closed,,1,2010-11-09,True,2010-09-03,2010-10-07,NA,380605.31,Eur
datasets/gov/cpva/ignalinos_programos/projektai/Projektas,60d7b601-c8c6-4359-8ae6-50dfdd4fdc66,a398c1a1-a654-48b2-b781-8af3d58784f5,,6793c391ef1a65a,VĮ Ignalinos atominė elektrinė,Support to Decommissioning Service of Ignalina NPP in 2008,Closed,"The INPP Decommissioning Service is responsible for the planning and coordination of all decommissioning projects and activities, and management of the implementation of projects under contracts between INPP and external contractors provided through the IIDSF and National Agency under the Ignalina Programme. Under this objective the direct personnel costs of the Decommissioning Service will be funded. Normal practice is that support of this type is provided over a period of one year.",1,2008-06-26,True,2008-01-14,2008-01-21,NA,1699675.03,Eur
datasets/gov/cpva/ignalinos_programos/projektai/Projektas,43182a72-ec91-440e-b523-f6bbe8c2271d,d7d24624-4db4-498d-b3fe-044340dc774e,,680636fdfbb98ec,VĮ Ignalinos atominė elektrinė,Safety assessment of the INPP Solid Radioactive Waste Interim Storage,Closed,,1,2008-07-15,True,2008-03-31,2008-06-11,NA,394352.24,Eur
datasets/gov/cpva/ignalinos_programos/projektai/Projektas,d439ff52-5042-4ef6-abc7-71f011c51fd4,e2152839-86b7-403a-ab24-de933738d309,,6a9a84b26935fcc,VĮ Ignalinos atominė elektrinė,Investigation and Design of facility,Closed,(as in project).,1,2007-08-24,True,,,PI,50000.0,Eur
datasets/gov/cpva/ignalinos_programos/projektai/Projektas,26149bcc-e53f-4c88-b286-c6de3a7f9cf7,f240290d-838b-4f5a-bf0a-e30dafd74c76,,6ce020bf1c40ac8,VĮ Ignalinos atominė elektrinė,Overheads of Decommissioning Service (during 2007),Closed,(as in project).,1,,True,,,PI,90200.0,Eur
datasets/gov/cpva/ignalinos_programos/projektai/Projektas,3be67e71-2a82-40c0-a2ff-e80a524be7bd,f738c755-3a5c-49d9-abbd-637dac69c942,,6f2ffdd2f6e7447,INPP,Annual Decommissioning Activities of INPP with Associated Costs in 2023,Closed,,1,2022-12-28,True,2022-12-01,2022-12-21,NA,47720154.86,
datasets/gov/cpva/ignalinos_programos/projektai/Projektas,ce7858d2-d9ea-442c-9b2a-aa138c457a71,2cf4dc57-f95c-49a0-94b9-03a7e6205099,,703df5fa260afc6,VĮ Radioaktyviųjų atliekų tvarkymo agentūra,Establishment of Decommissioning Management Functions in RATA and their Operational Support until the end of 2010,Closed,"The purpose of this project is to establish and operate decommissioning management functions within the existing Radioactive Waste Management Agency, RATA, in order that it may assume the 'customer' responsibilities for INPP decommissioning from the Ministry of Energy and act on the Ministry\'s behalf. RATA will not, itself conduct the planning of decommissioning; responsibilities to the nuclear safety regulators will continue to rest with INPP. This project will meet the costs of RATA staff involved in management of INPPdecommissioning, their training and justified overheads, and the costs of external services in the period from project approval until the end of 2010.",1,2009-12-21,True,2009-09-15,2009-10-12,NA,71307.28,Eur
datasets/gov/cpva/ignalinos_programos/projektai/Projektas,519032c7-a874-45b1-92b1-7f75f35b6cf1,61a5797a-bf90-4525-9347-d04edd9b2b11,,71e7581111c244b,VĮ Ignalinos atominė elektrinė,External Works & Services in Support of Activities of the INPP Workforce Related to Plant Decommissioning in 2012,Closed,,1,2012-03-26,True,2011-11-30,2011-12-16,NA,709585.44,Eur
datasets/gov/cpva/ignalinos_programos/projektai/Projektas,482b2e8f-7dd8-4e23-97ac-cbc98655912b,9ded042c-42a8-42fa-9640-c36c4e05e520,,74410b12ac63aa3,Ūkio ministerija,STRENGTHENING INSTITUTIONAL CAPACITY IN LITHUANIA TO MANAGE THE IGNALINA PROGRAMME,Closed,To facilitate the efficient implementation of the Ignalina Programme under Protocol 4 of the Accession Treaty of Lithuania to the EU.,1,,True,,,PI,1000000.0,Eur
datasets/gov/cpva/ignalinos_programos/projektai/Projektas,e60cd528-8998-4b22-a493-d694f51ed9bc,6d315b3e-4bc2-4d18-8d9d-8d8f10ad2af2,,7628e264f4345e9,VĮ Ignalinos atominė elektrinė,Annual Decommissioning activities,Closed,,1,2015-12-31,True,2015-11-20,2015-12-17,NA,34561063.08,Eur
datasets/gov/cpva/ignalinos_programos/projektai/Projektas,9934771c-0d13-47c8-8c33-940d171479eb,3565d9cd-394c-4fb5-9a0e-2894f6bf227d,,763a192ff7395b4,VĮ Ignalinos atominė elektrinė,Annual Decommissioning Activities of INPP with Associated Costs in 2015,Closed,,1,2014-12-30,True,2014-11-20,2014-12-23,NA,43868651.33,Eur
datasets/gov/cpva/ignalinos_programos/projektai/Projektas,db4afa71-041a-405b-96a2-b3a9b4f6cb9e,5a0fe29d-8981-415f-ba74-107aa1623d87,,76e29b665d7d99c,VĮ Ignalinos atominė elektrinė,Re-deployment/relocation of the existing lines under the new road to be built to B1 and B2/3/4 Lot-2,Closed,"Site preparation for the major pre-dismantling facilities, the Interim Spent Fuel Store, Solid Waste Management and Storage Facility, etc., is the responsibility of INPP under the relevant contracts between INPP and the contractors. These activities include site surveying, clearance, levelling, the temporary and/or permanent supply of water, heating and electricity, drains and sewerage, telecommunications, construction of access roads and railways, movement of existing services causing an obstruction, construction of security fences and installation of security equipment. These contracts, which are mainly of small scale and performed by local contractors, are prepared and managed by the INPP Decommissioning Service and have been funded under the nationally-managed channel of the Ignalina Programme since 2004.",1,2008-02-28,True,,,NA,275892.03,Eur
datasets/gov/cpva/ignalinos_programos/projektai/Projektas,9b88fa3e-7486-493a-9f6c-72fb3e17d565,a5e7139d-0f8c-4ecb-a2bf-f77b25c08307,,7a575d3307a5fb7,VĮ Ignalinos atominė elektrinė,"Procurement of D&D tools and materials, and waste-handling equipment",Closed,"Overall Objective Within the overall objective of INPP decommissioning, the specific objective of this project is the equipping of the INPP personnel who will perform dismantling and decontamination (D&D) activities with the necessary tools, materials, and waste-handling equipment, in particular to commence the dismantling of the INPP Unit 1 Turbine Hall (Block G1).Important: It is recognised from the outset that the scale of procurement possible with the budget available under this project is sufficient to meet only partially the needs of INPP for D&D equipment, even for Block G1. It is therefore intended to extend budget of this project by amendment of the 2006 Programmed Instrument Commission Decision to make use of savings from other projects. On amendment of the Commission Decision the budget will be raised to 3.080 MEUR. Project purposeThe purpose of this project the purchase of D&D tools, materials and waste-handling equipment in the following categories:-        Tools for cutting and size reduction, tool storages and work benches;-        Lifting equipment for the removal dismantled and fragmented items;-        Waste movement equipment (in particular half-height ISO containers);-        Personnel access equipment; and-        Personnel protection, monitoring and safety equipment.",1,2009-07-23,True,2008-11-26,2008-12-18,PI,3080000.0,Eur
datasets/gov/cpva/ignalinos_programos/projektai/Projektas,b72b4189-3d0f-4fdd-bf20-d888441a08d3,08aba377-169f-43e7-b817-1972e7f13f1d,,7a706d01fb890f9,VĮ Ignalinos atominė elektrinė,Buffer storage construction,Closed,,1,2007-10-12,True,,,NA,5656554.97,Eur
datasets/gov/cpva/ignalinos_programos/projektai/Projektas,dc85baa5-1f7d-4371-9949-ce22fa9fefd3,c157e3db-94b0-4ed6-a604-4beb57f8c451,,7bff5d2df0577ac,VĮ Ignalinos atominė elektrinė,Design and construction of feacal sewage line,Closed,,1,,True,,,NA,25880.15,Eur
datasets/gov/cpva/ignalinos_programos/projektai/Projektas,d49dbc5d-8770-4933-ace8-400a7908fd73,19aad1b9-0f7f-41d3-ac41-b63e09b0ca7c,,7c03402796946c5,VĮ Ignalinos atominė elektrinė,"Infrastructure, site selection and preparation works for implementation of decommissioning projects",Closed,(as in project).,1,,True,,,PI,4432000.0,Eur
datasets/gov/cpva/ignalinos_programos/projektai/Projektas,ab4403b7-0f7a-45a4-8dd2-1f27649b0029,749b0ce8-9b1f-4b4b-8d5a-79a9aee7b6f0,,7d9f3f66538f3c0,Visagino savivaldybė,Engineering services,Closed,(as in project),1,,True,,,PI,210000.0,Eur
datasets/gov/cpva/ignalinos_programos/projektai/Projektas,5d91e355-cbb5-4164-a8f4-9bf0cb571520,b6beaa79-45f5-4f47-8771-21a2bbd43325,,7da08b0f053ebf9,VĮ Ignalinos atominė elektrinė,Technical assistance,Closed,(as in project).,1,2007-08-24,True,,,PI,250000.0,Eur
datasets/gov/cpva/ignalinos_programos/projektai/Projektas,78bad166-debf-4963-a1e7-e64429704960,69fb1965-7ee2-4978-8ca3-5c4bb90d6b95,,7ee7f0adcecbeda,VĮ Ignalinos atominė elektrinė,Safe Maintenance & Decommissioning-related Activities at Ignalina NPP Unit 1 during 2007,Closed,The overall objective of this 5.93 M€ project is to support Ignalina NPP in ensuring a continuing high level of safety in the maintenance of the shut down reactor (Unit 1) in 2007 and to prepare and commence the defuelling and dismantling activities.,1,,True,,,PI,5245000.0,Eur
datasets/gov/cpva/ignalinos_programos/projektai/Projektas,43c21ebf-7834-4392-83a5-5dad03b8cbe3,72155a69-5a4d-44ed-9de1-db90de712c01,,7f16ebe90b25155,VĮ Ignalinos atominė elektrinė,"Development of, DSAR, DEIAR for INPP Unit 2",Closed,"For Unit 2, regulatory approval of “reactor final shutdown” (RFS), is issued on the basis of the following documents:-         the Decommissioning project (U2DP0) for the defuelling phase; -         the Decommissioning Safety Analysis Report (DSAR); and -         the Environmental Impact Assessment (EIA) of the planned activities. These documents will be prepared during 2008~2009 by INPP Decommissioning Service (INPP-DS) engineers using Unit 1 DP/DSAR/EIAR as a basis; however specialised support on some tasks will be necessary. Certain inputs to EIA-related documents require skills which are not available within the Decommissioning Service and must be performed by external contractors.This objective covers all externally contracted services related to the production of the Decommissioning Project for the Defuelling Phase, the DSAR, and EIA for Unit 2 reactor final shutdown.",1,2008-07-15,True,,,NA,789666.6,Eur
datasets/gov/cpva/ignalinos_programos/projektai/Projektas,94314fd3-9ee4-4bbe-8e80-8d6922d03d65,1e63227a-09c3-4c02-9436-f200197cf334,,7f9d749d754b32b,Visagino savivaldybė,Modernisation and renovation of Visaginas town District Heating System (Stage 2),Closed,The overall objective of this 7.00 M€ project is to transform the district heating system of Visaginas town (Area 2 and Area 3) from an open-type to a closed-type in order to improve efficiency and security of heat supply after the final shut down of Ignalina NPP (when the system will be served by a gas-fired heat-only boiler rather than by waste heat from the nuclear plant).,3,2008-08-22,True,2008-03-31,2008-06-11,NA,5832931.55,Eur
datasets/gov/cpva/ignalinos_programos/projektai/Projektas,3e1a3688-a573-4e55-a5e5-c467ac05fe1d,99f868f8-8a32-44c2-8f42-c9360e56a68c,,805a3786bdbcf1d,Zarasų rajono savivaldybė,Engineering and technical supervision for all object,Closed,,1,,True,,,,8000.0,
datasets/gov/cpva/ignalinos_programos/projektai/Projektas,43580594-c588-41ff-8dcd-cc8186d123b3,fe284a73-d8ea-4188-9944-5e4111ce2375,,89f117e6b7b7923,VĮ Ignalinos atominė elektrinė,Establishment and operation of a Radiological Characterization Laboratory (during 2006),Closed,(as in project).&nbsp;&nbsp;&nbsp;&nbsp;,1,,True,,,PI,115000.0,Eur
datasets/gov/cpva/ignalinos_programos/projektai/Projektas,f80419bf-082b-4f19-bcab-bd5dce758781,8f26efc9-05b2-4aba-91f2-ff1d997c381f,,8a15a92ee2ab3b1,VĮ Ignalinos atominė elektrinė,"SAFE MAINTENANCE OF UNIT 1 DURING 2005. DECOMMISSIONING, 1 PHASE.",Closed,- To provide high safety level of maintenance of Ignalina NPP Power Unit 1 during the post-closure and initial decommissioning period in 2005. - To accelerate preparations for decommissioning of Unit 1 - To reduce the economic and social impact of INPP Unit 1 early closure by minimising redundancies in the immediate post-shutdown period.,1,,True,,,PI,9000000.0,Eur
datasets/gov/cpva/ignalinos_programos/projektai/Projektas,4b9e1ab7-9ffe-462f-adcf-24664691b3d2,66219507-56fa-4380-a070-ec8d69758c54,,8b12b0a9c87e45d,VĮ Ignalinos atominė elektrinė,Design and construction of heat supply line,Closed,,1,,True,,,NA,142020.19,Eur
datasets/gov/cpva/ignalinos_programos/projektai/Projektas,72d08dd9-6691-4415-a057-f2c230f03f2d,02bbf72b-d871-41c5-83c0-a2b6812b5b55,,8b9880792915d8b,VĮ Ignalinos atominė elektrinė,Establishment of a Radioactive Metallic-waste Treatment Facility in Building 130/2,Closed,,3,2014-02-18,True,2013-11-06,2013-12-19,NA,493563.96,Eur
datasets/gov/cpva/ignalinos_programos/projektai/Projektas,c40da82d-7797-4493-a70d-79c44e0f9e07,263aa1b0-eb23-4825-abf4-db2c69815968,,8d412cfce73b91c,Zarasų rajono savivaldybė,Engineering and technical supervision for all objects,Closed,,1,,False,,,,12000.0,
datasets/gov/cpva/ignalinos_programos/projektai/Projektas,ad4fd60e-805a-4643-8363-48fba432866c,1df65628-2303-4c20-9b84-ac6476c4d2aa,,8d506dcd35e3574,VĮ Ignalinos atominė elektrinė,Procurement of Equipment and Supplies in Support of Activities of the INPP Workforce Related to Plant Decommissioning in 2014,Closed,,1,2014-03-05,True,2013-11-06,2013-12-19,NA,1976045.03,Eur
datasets/gov/cpva/ignalinos_programos/projektai/Projektas,d26ea172-7c81-4f46-9802-1f82a62fb4cf,b185fc38-32a4-414b-816f-09aa6b6f89c7,,8d639c2426b3d8e,VĮ Ignalinos atominė elektrinė,Design & construction of permanent electricity supply line & telecommunications,Closed,"Site preparation for the major pre-dismantling facilities, the Interim Spent Fuel Store, Solid Waste Management and Storage Facility, etc., is the responsibility of INPP under the relevant contracts between INPP and the contractors. These activities include site surveying, clearance, levelling, the temporary and/or permanent supply of water, heating and electricity, drains and sewerage, telecommunications, construction of access roads and railways, movement of existing services causing an obstruction, construction of security fences and installation of security equipment. These contracts, which are mainly of small scale and performed by local contractors, are prepared and managed by the INPP Decommissioning Service and have been funded under the nationally-managed channel of the Ignalina Programme since 2004.",1,2008-02-28,True,,,NA,390598.79,Eur
datasets/gov/cpva/ignalinos_programos/projektai/Projektas,81e303ff-fa6b-4c17-bd8b-4909a90e81ac,07ef53bf-655b-488d-8303-70e963896369,,9134c52bf9cb3ef,Ignalinos rajono savivaldybė,Energy Efficiency Upgrading of Public Buildings in Ignalina Municipality (Stage 4),Closed,,9,2014-02-10,True,2013-11-06,2013-12-19,NA,1397317.25,Eur
datasets/gov/cpva/ignalinos_programos/projektai/Projektas,1a35f520-23dc-429b-a54d-2ad4c556b274,df055ec7-c8d6-43e5-b791-1c26b879facd,,953905c9b321527,VĮ Ignalinos atominė elektrinė,Modification of temperature and pressure monitoring system in the premises of leak-tight confinement,Closed,"In the transfer away from an operational state, a number of plant systems must be taken out of service and isolated, or modified according to revised requirements. For Unit 1, these systems are identified in the so-called Decommissioning Project for the Final Shut Down & Defuelling Phase (U1DP0) and include for Stage 1 (from reactor final shutdown to complete reactor defuelling – U1DP0 App. 3.46.01-22): Service Water Supply System (SWSS), Normal Electrical Supply (EL_NS), Reliable Electrical Supply (EL_RS inc. automatic diesel ADS-5600), &C for Safety Systems: Operation of Systems, Automatic Turbine Control System, Control of Coolant Flow Rate in Fuel Channels, Main Circulation Circuit (MCC).This objective includes all system isolation and modification activities planned or found to be required at Unit 1 during Stage 1 that must be performed by external contractors; it is therefore funded separately from the safe maintenance of Unit 1 (see objective 1A.07/01) performed by the plant staff.",1,2009-04-21,True,,,NA,350000.0,Eur
datasets/gov/cpva/ignalinos_programos/projektai/Projektas,3e7fca56-d7d3-4504-8e8c-7ab41e08b6ec,9b605e67-514b-4d7e-820a-c50334d2bc04,,95ba48fb6a36345,VĮ Ignalinos atominė elektrinė,Activities of the INPP Workforce Related to Plant Decommissioning in 2014,Closed,,1,2013-12-27,True,2013-11-26,2013-12-19,NA,30119486.34,Eur
datasets/gov/cpva/ignalinos_programos/projektai/Projektas,667f1089-5a91-441b-a281-248801ccd6b5,38a6f91c-44e1-4b4c-83ae-f34c7057aa76,,96269d7ec366be4,Valstybinė atominė energetikos saugos inspekcija,Technical assistance,Closed,,1,,True,,,,2000000.0,
datasets/gov/cpva/ignalinos_programos/projektai/Projektas,2758b669-8d8d-4483-bbc4-6e8c6ad097ba,7c3dff3f-1dce-4821-8c50-2f15001c9834,,969b919b6a78fb9,,Support to Ministry of Social Security and Ministry of Labour,Closed,,1,,False,,2005-12-23,PI,900000.0,
datasets/gov/cpva/ignalinos_programos/projektai/Projektas,3495b2d3-e460-4894-86e8-d9b168688179,1ea9390c-3d58-48fc-b9be-c6a02df821cc,,979b58ad24cc48b,VĮ Ignalinos atominė elektrinė,Activities of the INPP Workforce Related to Plant Decommissioning in 2010,Closed,,1,2009-12-22,True,2009-11-20,2009-12-15,NA,26960236.96,Eur
datasets/gov/cpva/ignalinos_programos/projektai/Projektas,4a19a6c6-04eb-43e4-8c4c-835be8f257d0,dfe87f3b-7014-4bc5-8f27-cc18bd806c1d,,9873a056d901e35,VĮ Ignalinos atominė elektrinė,Overhead Costs & Essential Replacement Parts for Ignalina NPP Unit 1 during 2008,Closed,"Overall objectiveAccording to the 2007 Combined Programming Document, the objective of this project relates to the continuing safe maintenance of Unit 1 in the shut-down condition while fuel assemblies remain in the reactor core performed by the staff of the Ignalina NPP Technical Directorate. The presence of fuel necessitates the continued functionality of core cooling, monitoring and safety related equipment in addition to the more generalised upkeep of buildings and essential systems.  This objective will also include all activities related to the removal of nuclear fuel from Unit 1 and, where applicable, its transfer to Unit 2. Assistance provided on technical matters to the Decommissioning Service, including the taking of inventories, radiological characterisation, etc., will be eligible for funding under Objective 1A.07/01. In the event that decontamination or dismantling activities, or any temporary/permanent changes to systems or facilities due to the decommissioning of the unit are undertaken within the period they will also be included under this objective; however, such activities are not currently foreseen. Eligibility for funding under this objective shall be: (salaries of staff and)† essential supplies and services that are verifiable and uniquely identifiable with the safe maintenance of Unit 1. Project purposeWithin Objective 1A.07/01 above, this project relates only to procurement of essential supplies, works and services that are verifiable and uniquely identifiable with the safe maintenance of Unit 1. The direct costs of the personnel participating in the activities related to safe maintenance are covered by a separate project (SM1.04). The general categories of procurement falling under this project are:-          replacement parts for preventive maintenance and necessary repairs;-          consumable materials;-          works/services of specialist external contractors;-          consumption of utilities (currently limited to electricity consumption). This project covers eligible procurements of the above in the period 1 January 2008 to 31 December 2008; however, recognising that safe maintenance is a continuous process, the supplies, works and services may continue to be provided and invoices paid after this period (as defined in Section 3.3).. † To be financed under a separate project.",1,2008-07-16,True,2008-01-14,2008-01-21,NA,1689189.11,Eur
datasets/gov/cpva/ignalinos_programos/projektai/Projektas,0763396e-b218-44e6-b3c6-3c446c305356,c5c94bf7-73d2-4004-b3f3-faf833f0c987,,a11fed7e02c9a07,Energetikos ministerija,Visaginas Special Programme for  Energy Efficiency in Multi-apartment Residential Buildings – “EnerVizija” – Project Preparation Facility,Closed,,1,2011-01-14,True,2010-11-04,2010-11-11,NA,143484.71,Eur
datasets/gov/cpva/ignalinos_programos/projektai/Projektas,90b91adf-ffc1-4b83-a1c4-c3f085e3dede,4e19ad6b-2721-43d2-acd8-23905ad1c816,,a1db31f0782d019,VĮ Ignalinos atominė elektrinė,Site preparation for control area of B2/3/4 Lot-2 site,Closed,"Site preparation for the major pre-dismantling facilities, the Interim Spent Fuel Store, Solid Waste Management and Storage Facility, etc., is the responsibility of INPP under the relevant contracts between INPP and the contractors. These activities include site surveying, clearance, levelling, the temporary and/or permanent supply of water, heating and electricity, drains and sewerage, telecommunications, construction of access roads and railways, movement of existing services causing an obstruction, construction of security fences and installation of security equipment. These contracts, which are mainly of small scale and performed by local contractors, are prepared and managed by the INPP Decommissioning Service and have been funded under the nationally-managed channel of the Ignalina Programme since 2004.",1,2008-02-28,True,,,NA,0.0,Eur
datasets/gov/cpva/ignalinos_programos/projektai/Projektas,b94dc0c5-ab09-441f-beba-0fb2bcec9c50,1650067e-949e-4e80-b50c-82df33a6bcbf,,a23d1e6c6f22f6c,VĮ Ignalinos atominė elektrinė,Support for radiological characterisation,Closed,The overall object of this 1.96 MEUR project is support to the safe and cost effectivemanagement of radioactive waste (RAW) and dismantling & decontamination (D&D)activities at Ignalina NPP during decommissioning.,3,,True,,,PI,1960000.0,Eur
datasets/gov/cpva/ignalinos_programos/projektai/Projektas,357316ba-4983-4c8c-8726-895bd8b9b628,62d7a1af-df79-4b25-9372-a782faaad82f,,a5cacde553eeba8,VĮ Ignalinos atominė elektrinė,Landfill Facility for Short-Lived Very Low Level Waste,Closed,The overall objective of this 4.56 M€ project is to provide high safety level radioactive waste management at Ignalina Nuclear Power Plant (INPP) during decommissioning.,2,,True,,,PI,3280000.0,Eur
datasets/gov/cpva/ignalinos_programos/projektai/Projektas,1c0290f7-8f7c-48ce-aa64-29d796087cf0,0873bd3a-4b57-41b5-8ae4-3cda13b0e198,,a5ef4ebb300d2f1,Visagino savivaldybės administracija,Energy Efficiency Upgrading of Public Buildings in Visaginas Municipality (Visaginas Hospital),Closed,,1,2009-03-17,True,2008-12-04,2008-12-19,NA,759309.95,Eur
datasets/gov/cpva/ignalinos_programos/projektai/Projektas,a6c55e55-ad5c-4654-ab48-e9edd7931c27,2d4c81e3-1f71-4a96-ab9e-f59fc97c9134,,a77c8fdc0091f56,VĮ Ignalinos atominė elektrinė,Decommissioning Management System & Database,Closed,(as in project).,1,,True,,,PI,1600000.0,Eur
datasets/gov/cpva/ignalinos_programos/projektai/Projektas,0368e210-e260-405a-8194-4024689f45e3,60f4e7fc-d71a-4457-9a18-0c2ffe98f047,,aac6ae7137726d6,Zarasų rajono savivaldybė,Energy Efficiency Upgrading of Public Buildings in Zarasai District (Stage 5),Closed,,6,2014-06-02,True,2013-11-06,2013-12-19,NA,658056.32,Eur
datasets/gov/cpva/ignalinos_programos/projektai/Projektas,bb36b47c-b8e5-478d-82fb-39c70ff38568,800a9091-a6a6-4a38-bd76-d6c0f414374f,,ae058f8d23dc918,Ignalinos rajono savivaldybė,Energy Efficiency Upgrading of Public Buildings in Ignalina Municipality (Stage 3),Closed,,1,2012-02-29,True,2011-11-30,2011-12-16,NA,647981.57,Eur
datasets/gov/cpva/ignalinos_programos/projektai/Projektas,e0bb343c-56b1-49d3-8ffd-21caf5dd4d8e,ce15f141-398e-48b1-9e41-481ef2bc45f4,,b07b7232f030cc5,VĮ Ignalinos atominė elektrinė,Development of General data sets for EC according Article 37 of Euratom treaty,Closed,(as in project).,1,,True,,,PI,57000.0,Eur
datasets/gov/cpva/ignalinos_programos/projektai/Projektas,b4df15b4-dd95-4524-90f5-c9790d324f57,b5ca16a7-630d-45c6-b11a-37eab42ee05f,,b112726677ed4ee,Radiacinės saugos centras,Support to Activities of the Radiation Protection Centre Related with Protection in Decommissioning,Closed,"The overall objective of this 0.543 M€ project, of which 0.043 M€ is provided by national co-financing, is to strengthen the Lithuanian radiation protection authority – the Radiation Protection Centre (RPC) in assessment of radiation protection related aspects of Ignalina NPP decommissioning activities.",2,,True,,,PI,500000.0,Eur
datasets/gov/cpva/ignalinos_programos/projektai/Projektas,a23cdd7a-1e15-421a-afcb-3c76febceff5,faf87135-e326-4a03-b81e-6b229fe9b39b,,b375791de8de08b,VĮ Ignalinos atominė elektrinė,Design of Landfill Facility and Supply and construction of buffer storage,Closed,(as in project).,1,,True,,,PI,3280000.0,Eur
datasets/gov/cpva/ignalinos_programos/projektai/Projektas,d8959090-0f0c-4cd5-bd8b-abd12017b550,6afe073b-4d38-4db7-9b20-7a2567da3c0a,,b4a03c40410d71f,Visagino savivaldybės administracija,Energy Efficiency Upgrading of Public buildings in Visaginas Municipality (Stage 4),Closed,,24,2013-10-15,True,2013-07-10,2013-09-23,NA,3965769.23,Eur
datasets/gov/cpva/ignalinos_programos/projektai/Projektas,6d94a0c0-80ca-4cec-9228-f8465f93e22c,b6fc212f-9da9-4bad-b015-15a65889ffda,,b6810c2b38b15c1,VĮ Ignalinos atominė elektrinė,Landfill facility for short-lived very low level waste (Phase 2),Closed,,1,2007-10-12,True,2008-01-08,2008-01-21,NA,2772853.64,Eur
datasets/gov/cpva/ignalinos_programos/projektai/Projektas,df656fec-ce5a-4abf-a9ea-90e9ba7b1d30,25016ff8-77f8-4684-800f-0af5b5cc372b,,b919c2edac5d0ad,VĮ Ignalinos atominė elektrinė,Modification of the Service Water System (incl. design and installation services),Closed,,1,,False,,,,332000.0,
datasets/gov/cpva/ignalinos_programos/projektai/Projektas,2fad2482-170d-4866-9b3d-88122998ee7e,80d3ec66-fc1e-47ed-8157-38ae591a3426,,b9747529ecdc9f7,VĮ Ignalinos atominė elektrinė,Activities of the INPP Workforce Related to Plant Decommissioning in 2012,Closed,,1,2012-05-02,True,2011-11-30,2011-12-16,NA,27580779.76,Eur
datasets/gov/cpva/ignalinos_programos/projektai/Projektas,86578ba0-a300-4c81-a30b-766d0c1c98fb,80a508cc-a6de-4a32-b357-51c99fcade38,,bc23cb31f45f1e9,,Support to licencing activity related to Decommissioning of Ignalina NPP to VATESI & RPC,Closed,,3,,True,,,PN,1500000.0,Eur
datasets/gov/cpva/ignalinos_programos/projektai/Projektas,6be69f58-3e52-41e8-8d56-be5642f25b7f,116522e7-285c-483e-9b09-2d2166883534,,bf0c2ca23836322,Visagino savivaldybės administracija,Energy Efficiency Upgrading of Public Buildings in Visaginas Municipality (Stage 2),Closed,,1,2012-04-02,True,2011-11-30,2011-12-16,NA,836982.21,Eur
datasets/gov/cpva/ignalinos_programos/projektai/Projektas,308b02b5-9189-44ca-b3eb-b700abda82a3,b5ebad62-6755-4cd2-8261-2f7ce09bea28,,bff2046a230258d,VĮ Ignalinos atominė elektrinė,Operational overheads of Decommissioning Service (during 2006),Closed,(as in project).,1,,True,,,PI,86000.0,Eur
datasets/gov/cpva/ignalinos_programos/projektai/Projektas,18d4dd5d-188f-470a-9a0f-e42183462e56,48a8fbd2-9ccf-4f98-8b08-66339550c204,,c044a922e275c27,,"Visaginas Special Programme for Energy Efficiency in Multi-apartment Residential Buildings - ""Visaginas EnerVizija""",Closed,,1,2013-10-28,True,2013-07-10,2013-09-23,NA,181685.29,Eur
datasets/gov/cpva/ignalinos_programos/projektai/Projektas,3c164d98-a0c6-40db-9704-adbbbcb3c50d,c4b0289b-ff9c-4b17-810b-3777095b9f3d,,c11495825c21f86,Radiacinės saugos centras,Support to Licensing Activities Related to the Decommissioning of the Ignalina Nuclear Power Plant,Closed,(As in project).,1,,True,,,PI,500000.0,Eur
datasets/gov/cpva/ignalinos_programos/projektai/Projektas,1f2dee85-10aa-48ca-897c-9d7d2f79fac8,e947247a-d83e-445d-9c79-0823a174f282,,c1d5b566509d720,VĮ Ignalinos atominė elektrinė,Design & construction of rainwater drains line (for B16),Closed,"Site preparation for the major pre-dismantling facilities, the Interim Spent Fuel Store, Solid Waste Management and Storage Facility, etc., is the responsibility of INPP under the relevant contracts between INPP and the contractors. These activities include site surveying, clearance, levelling, the temporary and/or permanent supply of water, heating and electricity, drains and sewerage, telecommunications, construction of access roads and railways, movement of existing services causing an obstruction, construction of security fences and installation of security equipment. These contracts, which are mainly of small scale and performed by local contractors, are prepared and managed by the INPP Decommissioning Service and have been funded under the nationally-managed channel of the Ignalina Programme since 2004.",1,2008-02-28,True,,,NA,57925.72,Eur
datasets/gov/cpva/ignalinos_programos/projektai/Projektas,abaaf211-fe44-4917-a763-f01a7fb3814d,35b6803a-3e04-4441-bd27-f5e89d125e92,,c40bafedcd16c9c,VĮ Ignalinos atominė elektrinė,Decontamination and fragmentation equipment and its installaion / Radiation monitoring equipment and its installation,Closed,,1,,False,,,,594000.0,
datasets/gov/cpva/ignalinos_programos/projektai/Projektas,c69e22c9-1f62-4f49-aff7-84362bb383c3,aa8241f6-6160-4370-9d8d-5237204cba81,,c4253a447c9dc2f,INPP,Annual Decommissioning Activities of INPP with Associated Costs in 2022,Closed,,1,2021-12-27,True,2021-11-08,2021-12-15,NA,38674837.88,
datasets/gov/cpva/ignalinos_programos/projektai/Projektas,e8bacf8d-6da7-4357-a326-908883f3d049,0646f090-7cfe-4aed-a49c-7ed3c717cb2f,,c890fbc1a75aabc,VĮ Ignalinos atominė elektrinė,Design & Construction of permanent electricity supply line,Closed,"Site preparation for the major pre-dismantling facilities, the Interim Spent Fuel Store, Solid Waste Management and Storage Facility, etc., is the responsibility of INPP under the relevant contracts between INPP and the contractors. These activities include site surveying, clearance, levelling, the temporary and/or permanent supply of water, heating and electricity, drains and sewerage, telecommunications, construction of access roads and railways, movement of existing services causing an obstruction, construction of security fences and installation of security equipment. These contracts, which are mainly of small scale and performed by local contractors, are prepared and managed by the INPP Decommissioning Service and have been funded under the nationally-managed channel of the Ignalina Programme since 2004.",1,2008-02-28,True,,,NA,48636.47,Eur
datasets/gov/cpva/ignalinos_programos/projektai/Projektas,0316f535-8d63-4431-a0c6-e6b44479164e,9f3c66a1-e550-4fd2-8e61-1a68affa205e,,cb8ce70d2b6e7bd,Visagino energija,Modernisation and renovation of Visaginas Electricity Network,Closed,"The overall objective of this 2.00 M€ project is to ensure necessary electricity distribution network development, improve reliability, safety and efficiency of electricity supply to the Ignalina NPP radioactive waste storage sites and to consumers in the Visaginas area.",1,,True,,,PI,2000000.0,Eur
datasets/gov/cpva/ignalinos_programos/projektai/Projektas,1b62b4d3-540d-4fea-be5c-34a473d366a8,116a7f3d-bd99-4e76-b8d4-666e343ca701,,ccad4a8f9b0247e,Zarasų rajono savivaldybė,2D.12.01 - ZEV.01 - Zarasai EnerVizija [Original],Closed,,1,2013-02-01,True,2012-11-16,2012-12-07,NA,960555.45,Eur
datasets/gov/cpva/ignalinos_programos/projektai/Projektas,b16991a7-85f1-4d77-8818-49d394787c0f,172f89d1-566d-47bb-81e0-ed6e656df657,,cda212a2ba3af11,,Gas-Main Pabrade for INPP and Visaginas with distributing pipe and meter regulating station,Closed,,2,,True,,,II,11934950.0,Eur
datasets/gov/cpva/ignalinos_programos/projektai/Projektas,8d07b662-5a3d-46fc-901c-a12201931d24,27f77319-0d04-4b6b-bd5c-028d5f2c66b4,,d1767813ded90f7,Aplinkos apsaugos agentūra,Radiology Division laboratory equipment,Closed,"Under national legislation, in the Euratom Treaty Articles 35-37, and to provide assurance to neighboring countries, the Environmental Protection Agency (EPA) conducts monitoring of radioactivity levels in the air, water and soil particularly around INPP. The EPA equipment includes a network of automatic gamma dose rate measurement stations (RADIS) providing on-line data to national institutions, the EC databases (EURDEP, AIRDOS) and the general public, and an off-line type aerosol sampling station 60 km from INPP.The implementation of INPP decommissioning will result in quantitative and qualitative composition changes of discharges: new facilities with a potential radiological impact on the environment (spent fuel storage, radioactive waste treatment/storage, landfill, near surface disposal facilities and free-release facility) will be constructed.Renovation is therefore required of the automatic network, and to enhance efficiency and safety by the timely communication of data, the off-line aerosol sampling station should be complemented by an on-line automatic spectrometric aerosol monitor with gamma and alpha/bet channel. The EPA further requires equipment for control of INPP free-release, and laboratory improvements in respect of sample preparation equipment and the gamma counting system.Under this objective the procurement of equipment required for renovation of the automatic network, automation of aerosol sampling, free-release control and relevant above-mentioned upgrading of the EPA laboratory will be funded. Technical assistance may also be provided associated with the calculation of clearance levels of free-release wastes.",1,,True,,,NA,335000.0,Eur
datasets/gov/cpva/ignalinos_programos/projektai/Projektas,9222ec1d-1492-4169-be87-c8682b32738b,1afec7ac-187b-464a-9e08-86286c261ea6,,d1b462e76d86bba,VĮ Ignalinos atominė elektrinė,Modification of the cooling circuit of the Pump and Heat Exchanger Unit at the Unit 1 SNF storage ponds (incl. design and installation services),Closed,,1,,False,,,,0.0,
datasets/gov/cpva/ignalinos_programos/projektai/Projektas,22f336a1-64ff-4aed-a22a-a02108b839b8,47ab8f7b-ef6d-4827-99e4-1cde36ad34ad,,d2a2dcbb7fe5d32,VĮ Ignalinos atominė elektrinė,Telecommunication and signalling system for B1 and B2/3/4 Lot-2 connect up to existing infrastructure,Closed,,1,,True,,,NA,68880.3,Eur
datasets/gov/cpva/ignalinos_programos/projektai/Projektas,f550865f-61e5-40fe-bcad-4e3523b28f7c,3663b33b-aed1-4b1e-a4af-34b495d9e9cb,,d3fef3461d3b444,Ignalinos rajono savivaldybė,Implementation of EE measure,Closed,,1,,False,,,,1440000.0,
datasets/gov/cpva/ignalinos_programos/projektai/Projektas,39541364-c83c-44eb-bfce-f389686ed901,377d8d48-b9d3-464c-b26e-be1dee1a0901,,d6b78068975be22,VĮ Ignalinos atominė elektrinė,Design & construction of heat supply line,Closed,"Site preparation for the major pre-dismantling facilities, the Interim Spent Fuel Store, Solid Waste Management and Storage Facility, etc., is the responsibility of INPP under the relevant contracts between INPP and the contractors. These activities include site surveying, clearance, levelling, the temporary and/or permanent supply of water, heating and electricity, drains and sewerage, telecommunications, construction of access roads and railways, movement of existing services causing an obstruction, construction of security fences and installation of security equipment. These contracts, which are mainly of small scale and performed by local contractors, are prepared and managed by the INPP Decommissioning Service and have been funded under the nationally-managed channel of the Ignalina Programme since 2004.",1,2008-02-28,True,,,NA,137569.51,Eur
datasets/gov/cpva/ignalinos_programos/projektai/Projektas,68c5a0a3-cff6-452d-bd67-7286169aa802,b9d08018-e7ee-4529-9518-7ac2b268a697,,d75e2720705c7a0,VĮ Ignalinos atominė elektrinė,Utility Services in Support of Activities of the INPP Workforce Related to Plant Decommissioning in 2016-2020,Closed,,1,2015-12-31,True,2015-11-20,2015-12-17,NA,43399999.86,Eur
datasets/gov/cpva/ignalinos_programos/projektai/Projektas,ab309d0e-e7fa-4787-b331-ce8b192c4f83,d624dde9-7dd5-4209-899f-2c96a71506a2,,dae1d3c4675ed46,INPP,Annual Decomm. Activities of INPP with Associated Costs in 2019,Closed,,1,2018-12-31,True,2018-11-30,2018-12-20,NA,32150494.62,
datasets/gov/cpva/ignalinos_programos/projektai/Projektas,5597af9d-989c-411f-bdcb-c816a601a9f8,b292e2fd-2f83-40c5-b8f2-521b041483e6,,db533a9c724d2bd,VĮ Ignalinos atominė elektrinė,Support to Decommissioning Service of Ignalina NPP during 2009,Closed,"Project ObjectiveThe INPP Decommissioning Service (INPP-DS) is responsible for the planning and coordination of all decommissioning projects and activities, management of the implementation of projects under contracts between INPP and external contractors provided through the IIDSF, National Agency and National Fund. Under this objective the direct personnel costs of Decommissioning Service will be funded. Normal practice is that support of this type is provided over a period of one year.Project Purpose This purpose of this project is to advance the decommissioning of INPP according to the approved planning documents.For this purpose, support will continue in 2009 for the operation of the INPP Decommissioning Service, which is the organization responsible for management and implementation of the majority of decommissioning-related activities. The project covers personnel costs only of the INPP-DS (including the staff of the Technical Archive) during the year 2009.",1,2009-03-25,True,2008-12-04,2008-12-19,NA,1933736.98,Eur
datasets/gov/cpva/ignalinos_programos/projektai/Projektas,69d7fb1e-316f-4117-b9c4-9999ca3a53ab,7b780193-072e-4655-a2a3-d177274cedde,,dbdf14d69826c26,VĮ Ignalinos atominė elektrinė,Procurement of Equipment & Supplies in Support of Activities of the INPP Workforce Related to Pant Decommissioning in 2011,Closed,,1,2011-03-07,True,2010-11-29,2010-12-15,NA,2392213.59,Eur
datasets/gov/cpva/ignalinos_programos/projektai/Projektas,6449679c-0d27-489c-a1cc-97b9f6f6eb8c,d36ee631-af48-44f7-a41d-b9d45d63d42d,,e19495b52217ebe,INPP,Annual Decomm. Activities of INPP with Associated Costs in 2021,Closed,Closed 2023-06-28,1,2020-12-31,True,2020-11-24,2020-12-22,NA,35142604.93,
datasets/gov/cpva/ignalinos_programos/projektai/Projektas,9e6e0159-5238-4d13-ba7d-351097091a3f,36a1d525-d652-4f89-84fb-bfdd56515497,,e1fd7a8c26d6d46,VĮ Ignalinos atominė elektrinė,Direct support for Decommissioning Service personnel (during 2007),Closed,(as in project).,1,,True,,,PI,1324800.0,Eur
datasets/gov/cpva/ignalinos_programos/projektai/Projektas,34bcd33a-eaed-44ed-8e8d-0b59a41c5b6a,1089b195-3eff-49fb-a3d4-d3a1932bd485,,e26f1a48cf3028c,Ignalinos rajono savivaldybė,Control / management system (Dukštas / Didžiasalis) / Energy-efficient illuminators / lamps,Closed,,1,,False,,,,93000.0,
datasets/gov/cpva/ignalinos_programos/projektai/Projektas,a9b5c21c-e115-4a8b-9fd8-d0c46291c61a,656a3c5a-fbee-4692-86cb-6242b925d9b2,,e313fcbfb3fa67a,,Support to Licencing activities related to the Decommissioning of Ignalina NPP,Closed,Support to Licencing Activities Related to the Decommissioning of the Ignalina NPP to VATESI and Lithuania TSOs,1,,True,,,PN,1000000.0,Eur
datasets/gov/cpva/ignalinos_programos/projektai/Projektas,404bd103-248d-4e05-9162-6f988fdca6a3,177f4f8e-d2bc-4036-916e-bc3f24e06bde,,e8421bc5d8fc813,VĮ Ignalinos atominė elektrinė,"Modification of equipment to perform ""shock"" regeneration of water purification facilities precoat filters (incl. design and installation services)",Closed,,1,,False,,,,0.0,
datasets/gov/cpva/ignalinos_programos/projektai/Projektas,6647eef1-47e9-4c77-a7ec-98c0ba1c3373,ed7af65b-a40e-4c43-825c-d727c727fd43,,e989f47011b79d1,Ignalinos rajono savivaldybė,IP - 2D.12.01 - IEV.01 - Ignalina EnerVizija [Original],Closed,,1,2013-01-22,True,2012-11-16,2012-12-07,NA,1949787.15,Eur
datasets/gov/cpva/ignalinos_programos/projektai/Projektas,c3b6bd90-2055-447e-8ebc-0b870ecc4b6a,5be780dd-9252-4909-9a99-badef206348a,,e9ad7b370280b63,Valstybinė atominė energetikos saugos inspekcija,Technical Assistance to VATESI in the Field of Decommissioning (Phase 5),Closed,"Support to nuclear safety regulator, VATESI, in respect of decommissioning has been an ongoing action since 2001 and is continued under Ignalina Programme. At the outset this foccused on training, but as general skills and competences have been built up, it is now used predominantly for specialist review of decommissioning-related documentation by Lithuanian and western European technical support organisation.This present project provides technical assistance to VATESI in addressing issues related to the decommissioning of INPP.",1,2008-08-20,True,2008-03-31,2008-06-11,NA,1435162.3,Eur
datasets/gov/cpva/ignalinos_programos/projektai/Projektas,b8bc3c7f-6bf6-4ba7-ae05-4bd66d8cdbdf,bfa2fa3a-434f-4c78-a5f4-786c7f68084b,,eab57f5376ec125,Energetikos ministerija,Public communication,Closed,,1,,False,,,,44000.0,
datasets/gov/cpva/ignalinos_programos/projektai/Projektas,9d57c429-64a2-41cb-a6c8-7906655255d3,d16570ef-4dee-49e1-b767-889374d1d11e,,eb10d6ff9841628,VĮ Ignalinos atominė elektrinė,Safe Maintenance of Unit 1 during 2006 -Phase 1,Closed,·              The overall objective of this 10 M € project is to ensure a continuing high safety level of maintenance at the Ignalina NPP during the post-closure and initial decommissioning period of Unit 1.·              To arrange and perform preparations for the future dismantling of Unit 1 ·              To reduce the economic and social impact of Ignalina NPP Unit 1 early closure by minimising redundancies in the immediate post-shutdown period while assuring the optimum usage of staff subject to requirements imposed by VATESI.,1,,True,,,PI,5070000.0,Eur
datasets/gov/cpva/ignalinos_programos/projektai/Projektas,0e1ad3e8-4d82-4c4b-8f88-c9b1802f29d6,bf2b3941-f074-47c4-9e41-0af6b5b08717,,edc4fffeb2a4279,VĮ Ignalinos atominė elektrinė,Landfill Construction,Closed,,1,2012-07-18,True,2012-04-18,2012-05-04,NA,8400353.59,Eur
datasets/gov/cpva/ignalinos_programos/projektai/Projektas,90e70063-d9ee-4604-93fe-3d61c1a2f75f,b07ea17d-7353-448b-a13a-1e4073472270,,f082521bd33d76b,Visagino savivaldybė,Construction phase,Closed,(as in project).,1,,True,,,PI,4790000.0,Eur
datasets/gov/cpva/ignalinos_programos/projektai/Projektas,ce192626-ba16-4a44-8c26-c284c7bd47f2,a975da6d-f8b3-4768-9764-3013a084c0ff,,f096908f842ddb0,VšĮ Būsto ir urbanistinės plėtros agentūra,Contribution to the Housing & Urban Development Agency (HUDA) Mechanism,Closed,"Project ObjectiveThe objective of this project is the provision of grant funding from the Ignalina Programme to co-finance the energy efficiency upgrading of multi-apartment residential buildings, making use of a well-tried and effective mechanism already existing in Lithuania administered through the Housing & Urban Development Agency (HUDA).For each building to be upgraded, there will be an energy audit recommending and optimising the energy efficiency measures to be applied, based on which an investment project and tender dossier will be developed. Measures eligible for funding under the mechanism are limited to: provision or replacement of insulation of outer surfaces (walls and roofs) excluding any repairs thereto, replacement or improvement of windows and external doors, glassing of balconies, improved control of energy supply/consumption (fitting of thermostatic controls and heat metering). Project PurposeIn line with the 2008 Combined Programming Document (CPD) objective presented above, the specific project purpose is to accelerate the implementation of energy efficiency measures in multi-apartment residential buildings in Lithuania through contributions from the Ignalina Programme to the nationally-administered ongoing energy efficiency instrument of the Housing & Urban Development Agency – henceforth the “HUDA Mechanism”.",1,2009-02-02,True,2008-11-05,2008-11-28,NA,10756435.47,Eur
datasets/gov/cpva/ignalinos_programos/projektai/Projektas,9da914f1-cdde-4a41-a4f2-bfa3852ecf79,1b444729-238e-464d-b566-398cdd1c2c6d,,f15a91f38f78eb7,VĮ Ignalinos atominė elektrinė,Development of DP,Closed,"For Unit 2, regulatory approval of “reactor final shutdown” (RFS), is issued on the basis of the following documents:-         the Decommissioning project (U2DP0) for the defuelling phase; -         the Decommissioning Safety Analysis Report (DSAR); and -         the Environmental Impact Assessment (EIA) of the planned activities. These documents will be prepared during 2008~2009 by INPP Decommissioning Service (INPP-DS) engineers using Unit 1 DP/DSAR/EIAR as a basis; however specialised support on some tasks will be necessary. Certain inputs to EIA-related documents require skills which are not available within the Decommissioning Service and must be performed by external contractors.This objective covers all externally contracted services related to the production of the Decommissioning Project for the Defuelling Phase, the DSAR, and EIA for Unit 2 reactor final shutdown.",1,2008-07-15,True,,,NA,270000.0,Eur
datasets/gov/cpva/ignalinos_programos/projektai/Projektas,958ebe18-6748-4546-ae8b-bc9ce86836f0,7de237cb-ad52-41f7-816a-bd14ae2e9507,,f16fd794b18982e,VĮ Ignalinos atominė elektrinė,Utility Services in Support of Activies of the INPP Workforce Related to Plant Decommissioning in 2013,Closed,,1,2013-01-24,True,2012-11-16,2012-12-07,NA,16264543.87,Eur
datasets/gov/cpva/ignalinos_programos/projektai/Projektas,82891bc3-4dc3-4d58-b516-aedce7aeee4c,a90888d1-f41c-4d13-8f35-bbe0a0a36f06,,f1ca1d56f4b4a4e,Zarasų rajono savivaldybė,Engineering and technical supervision for all objects,Closed,,1,,False,,,,2892.0,
datasets/gov/cpva/ignalinos_programos/projektai/Projektas,4177fcd5-4bfb-4a3c-9a34-0a1bddb0b5fa,2fd5539c-7f4d-440f-b3ab-ad1ef13b2c8c,,f417cf8738916d7,Ignalinos rajono savivaldybė,Implementation of EE measure,Closed,,1,,False,,,,685000.0,
datasets/gov/cpva/ignalinos_programos/projektai/Projektas,dd5c5ea9-f5a2-463b-8dd7-1dea4c4d2fc9,338935a4-90dc-42f9-aa9d-0d281e3ab88d,,f5252d2133c6428,VĮ Ignalinos atominė elektrinė,Annual Decommissioning Activities,Closed,,1,2016-12-29,True,2016-12-02,2016-12-23,NA,34099864.94,
datasets/gov/cpva/ignalinos_programos/projektai/Projektas,5522082e-8ee5-4066-857b-9482718fa413,d7815f4a-0111-48aa-8456-8999174572d2,,f69c7d3e264d6bd,Visagino savivaldybė,Modernisation and renovation of Visaginas town District Heating System,Closed,The overall objective of this 5.00 M€ project is to transform the district heating system of Visaginas town (Area 1) from an open-type to a closed-type in order to improve efficiency and security of heat supply after the final shut down of Ignalina NPP (when the system will be served by a gas-fired heat-only boiler rather than by waste heat from the nuclear plant).,1,,True,,,PI,5000000.0,Eur
datasets/gov/cpva/ignalinos_programos/projektai/Projektas,5f166857-737a-4079-9044-9351271eb321,ba2e3198-ca2f-4db5-abcb-07c1c9824103,,f704332aedf8386,VšĮ Centrinė projektų valdymo agentūra,Operation & Support of the Ignalina Programme National Agency (CPMA) in 2008,Closed,"Project objective According to the 2007 Combined Programming Document of the Ignalina Programme, “the funding of the National Agency will be in accordance with the Operating Agreement established between the National Agency and the European Commission”.The said Operating Agreement specifies that the operational costs of the National Agency must be described in the form of a Project Identification Fiche (PIF) for the approval of the Commission by the standard procedures. Such PIFs will be submitted annually.This PIF therefore sets out the forecast costs of establishing and operating the National Agency of the Ignalina Programme during 2008.Project purpose The purpose of this project is to provide support to Lithuania’s established implementing body in its transition from operation under the preceding procedures of the PHARE programme to its new role as National Agency of the Ignalina Programme.The project will meet the operating costs of the staff involved in management of the Programme, their justified overheads, and the costs of external services provided to the National Agency to assist implementation.",1,2008-07-04,True,2008-01-21,2008-01-14,NA,423808.5,Eur
datasets/gov/cpva/ignalinos_programos/projektai/Projektas,641cd723-d7a6-437b-ac46-9f5b68e34714,78d50e3f-7251-478e-b36e-24e20a183a54,,faba7b0e6da575f,VĮ Ignalinos atominė elektrinė,"Overhead Costs, Essential Replacement Parts & Services for Ignalina NPP Unit 1 during 2009",Closed,"Project Objective    According to the 2007 Combined Programming Document, the objective of this project relates to the continuing safe maintenance of Unit 1 in the shutdown condition while fuel assemblies remain in the reactor core performed by the staff of the Ignalina NPP Technical Directorate and Quality and Safety Assurance Service. The presence of fuel necessitates the continued functionality of core cooling, monitoring and safety related equipment in addition to the more generalised upkeep of buildings and essential systems.  This objective will also include all activities related to the removal of nuclear fuel from Unit 1 and, where applicable, its transfer to Unit 2. Assistance provided on technical matters to the Decommissioning Service, including the taking of inventories, radiological characterisation, etc., will be eligible for funding under Objective 1A.07/01. In the event that decontamination or dismantling activities, or any temporary/permanent changes to systems or facilities due to the decommissioning of the unit are undertaken within the period they will also be included under this objective; however, such activities are not currently foreseen. Eligibility for funding under this objective shall be: (salaries of staff and)† essential supplies, works and services that are verifiable and uniquely identifiable with the safe maintenance of Unit 1.Project Purpose Within Objective 1A.07/01 above, this project relates only to procurement of essential supplies, works and services that are verifiable and uniquely identifiable with the safe maintenance of Unit 1. The direct costs of the personnel participating in the activities related to safe maintenance are covered by a separate project (SM1.05). The general categories of procurement falling under this project are:-          replacement parts for maintenance;-          consumable materials;-          works/services of specialist external contractors;-          consumption of utilities (currently limited to electricity consumption). This project covers eligible procurements of the above in the period 1 January 2009 to 31 December 2009; however, recognising that safe maintenance is a continuous process, the supplies, works and services may continue to be provided and invoices paid after this period (as defined in Section 3.3). † To be financed under a separate project.",1,2009-05-11,True,2008-12-04,2008-12-19,NA,2208014.75,Eur
datasets/gov/cpva/ignalinos_programos/projektai/Projektas,be46d535-1621-493d-a955-b5d0db8096f8,29c2d7bc-552e-475c-91ef-5d0db97a8744,,fbce1515c120c67,VĮ Ignalinos atominė elektrinė,External Works & Services in Support of Activities of the INPP Workforce Related to Plant Decommissioning in 2013,Closed,,1,2013-02-27,True,2012-11-16,2012-12-07,NA,1384853.97,Eur
datasets/gov/cpva/ignalinos_programos/projektai/Projektas,e1c3b8b8-f5e2-49f7-97e4-009e3659786f,d4c90c3c-9794-4094-8f46-1dba1abdac3c,WyJmZjQ1MTcyYTExYmRmZWIiLCAiZTFjM2I4YjgtZjVlMi00OWY3LTk3ZTQtMDA5ZTM2NTk3ODZmIl0=,ff45172a11bdfeb,VĮ Ignalinos atominė elektrinė,Procurement of Equipment & Supplies in Support of Activities of the INPP Workforce Related to Pant Decommissioning in 2013,Closed,,1,2013-02-27,True,2012-11-16,2012-12-07,NA,3088440.52,Eur
